time_s,body_x_position_m,body_pitch_deg,body_height_m,slip_count
0.05001497268676758,-1.8012000704199873,-0.04128463820240154,0.4285340142567303,0
0.10853719711303711,-1.7931746504353063,-0.06313874490946414,0.4283018283037902,0
0.1590101718902588,-1.77934254262086,-0.2145950163325462,0.4289176565940667,0
0.2127540111541748,-1.7747942724668124,-0.3130681639629343,0.42885372659331267,0
0.26554226875305176,-1.7605355456106155,-0.2570099085377021,0.4296696659651298,0
0.3155860900878906,-1.7474660856952204,-0.1646865636789177,0.4293152779949306,0
0.36562108993530273,-1.7289835188300449,0.013834181787337144,0.4283085159432471,0
0.4156489372253418,-1.7119697215094785,0.04904574085908347,0.42815472999556875,0
0.46567201614379883,-1.6940060653078968,0.07779436828223937,0.4280870432644012,0
0.5157170295715332,-1.6759931881187078,0.09459426191278028,0.4280513641607582,0
0.5657241344451904,-1.6578318184087815,0.11146906363704938,0.42802141703878616,0
0.6157341003417969,-1.6389542474478755,0.14083117422391792,0.4280125733287312,0
0.6657719612121582,-1.6206045315411957,0.15653243312968568,0.42802520820603046,0
0.7158069610595703,-1.6019550319499862,0.18364855232274235,0.42801569672990214,0
0.7658522129058838,-1.5838651731767839,0.20919503857205377,0.4280215094575052,0
0.8158700466156006,-1.5649712669170113,0.23776925541561564,0.42799400968795775,0
0.8659241199493408,-1.5461024574608015,0.26284667456231997,0.4279723936480178,0
0.915938138961792,-1.5271481930747144,0.29066469523393246,0.4279420497961461,0
0.9659440517425537,-1.5081765094081252,0.3161772294856188,0.42790477383080255,0
1.0159811973571777,-1.4892628653628124,0.3434174819295204,0.42786457786026894,0
1.0659818649291992,-1.470511782596834,0.36892066845981913,0.42781241265350417,0
1.1159870624542236,-1.4518764202119876,0.3950692581114269,0.4277561499336032,0
1.1660270690917969,-1.4330835588694462,0.4266737457961715,0.42768299459553516,0
1.2160570621490479,-1.4140560992597186,0.4584724183808813,0.4275990850847461,0
1.2660601139068604,-1.395467343275058,0.4820711338997437,0.427515315599216,0
1.316068172454834,-1.3767340093296527,0.5113425188965449,0.42741645480432067,0
1.3661119937896729,-1.3580217910144758,0.5400500347011707,0.4273072475595377,0
1.4161138534545898,-1.3387746597619197,0.5756050729998479,0.4271819057836247,0
1.4661459922790527,-1.3193244076722275,0.009497156927469164,0.427789370500784,0
1.5161480903625488,-1.302014147552726,-0.014397558478490592,0.4281746215522132,0
1.5661871433258057,-1.2845705542646582,-0.009619160167351697,0.4281900977987078,0
1.6161878108978271,-1.2672748479104905,-0.0026276358556178727,0.4281744712696727,0
1.6662321090698242,-1.2499356214986959,0.008904636696350585,0.4281540892802574,0
1.7162601947784424,-1.2324430194188338,0.024168617088156354,0.42813952447274406,0
1.7662630081176758,-1.2149456166905521,0.03731550497858132,0.4281285164005674,0
1.8163011074066162,-1.1973841101765959,0.05439281509574348,0.4281148493612935,0
1.8663790225982666,-1.1796957385722717,0.06824645480511918,0.4280942085819607,0
1.916398048400879,-1.161585869248873,0.08532400325659974,0.42806146911132126,0
1.9664251804351807,-1.1436803304709613,0.0982557790395464,0.4280375566287004,0
2.0164690017700195,-1.12546374832947,0.12041136207599527,0.4280204396626257,0
2.0665090084075928,-1.1069412132383947,0.14719152510448685,0.42801671405840463,0
2.116549253463745,-1.0886399184891837,0.16713436604344373,0.42802504650610546,0
2.1665940284729004,-1.0700702311780308,0.19402534898305732,0.42801537712912857,0
2.216635227203369,-1.051787542481444,0.2170151870741679,0.42801081530579965,0
2.2666821479797363,-1.033579310209312,0.24131554827558166,0.42799822387645003,0
2.316715955734253,-1.0152211956304509,0.2681463949856221,0.42797403159849945,0
2.366746187210083,-0.9970302013193669,0.2933717074312973,0.4279458880345217,0
2.416792154312134,-0.9786422663172841,0.324284926463852,0.4279050262686445,0
2.4668350219726562,-0.9600387062184748,0.3559817564331215,0.4278506905317362,0
2.5168352127075195,-0.9412649252723574,0.38389999370419925,0.4277882448686181,0
2.566880941390991,-0.9226644191390813,0.41088324775111396,0.42772676167044826,0
2.61688494682312,-0.9038306734486904,0.44085885993988355,0.4276474532224727,0
2.6669061183929443,-0.8849150915729856,0.47078629924903165,0.42756145544859203,0
2.7169389724731445,-0.8660512105003977,0.4994644405865273,0.4274685216362223,0
2.766974925994873,-0.8492764033381288,0.41381671297518946,0.4275849198122062,0
2.8169989585876465,-0.83872517319414,-0.002501160418672696,0.4291655788045996,0
2.867025136947632,-0.8289910296281208,-1.4009988024890738,0.4382373429137497,0
2.9170451164245605,-0.8186290144070121,-1.5348723638741768,0.44145596131103393,0
2.9670870304107666,-0.8062437646821213,-1.542665823401956,0.44254981448077896,0
3.0171310901641846,-0.7938026124033958,-1.5421373831434186,0.44357018136301996,0
3.0671370029449463,-0.7814359632101517,-1.5337072711054704,0.4445107052040164,0
3.1171751022338867,-0.7683199975306622,-1.458312797001339,0.4456216347241122,0
3.1672089099884033,-0.7540674854480669,-1.2687366728276879,0.4470867408743405,0
3.2172322273254395,-0.7399039209567813,-1.0958402755719667,0.4483499637564021,0
3.2672629356384277,-0.725672210167634,-0.935179457665072,0.44943553617240284,0
3.3172988891601562,-0.7132631601009577,-0.9106062244853952,0.45011580720969446,0
3.3673160076141357,-0.7021397198502679,-0.9602964465191933,0.4505197398413206,0
3.4173359870910645,-0.6906432825337194,-0.9831685430438878,0.45085003785639544,0
3.4673731327056885,-0.6798406329816559,-1.0371521752161474,0.4510164764932651,0
3.5174169540405273,-0.6695735769576727,-1.0795984981369853,0.45105502415454224,0
3.5674612522125244,-0.6587281211480428,-1.0747456799656039,0.4510198388999434,0
3.617486000061035,-0.6476471313773353,-1.0585949711109277,0.4509379050034348,0
3.6675069332122803,-0.6370428099205936,-1.071570324153373,0.4506010460350897,0
3.7175521850585938,-0.6312850154734042,-1.1579662311467114,0.4495847252669532,0
3.767609119415283,-0.6302273833912289,-1.249574513240421,0.4486577188363724,0
3.8176441192626953,-0.6309123446902278,-1.3116934300257688,0.44790908619969944,0
3.8676750659942627,-0.6320284334244332,-1.3628967942779422,0.44721278552747795,0
3.917715072631836,-0.6326508834316871,-1.4105379603418409,0.44668658448558135,0
3.9677281379699707,-0.6325387637292847,-1.4233077683178248,0.44613066742194124,0
4.017735958099365,-0.6332807105088073,-1.5433981186400854,0.44551558390483653,0
4.067754030227661,-0.6376108774299614,-1.90350068200117,0.44605034615486283,0
4.117784023284912,-0.6426478166628934,-2.25079385160927,0.44763248839210246,0
4.167807102203369,-0.6440305951314942,-2.629108306496866,0.4507857418465795,0
4.21782922744751,-0.6431872914620087,-3.051322961419205,0.4546012168084718,0
4.2678399085998535,-0.6406232626532345,-3.530179621849379,0.45950629864484277,0
4.317864894866943,-0.6398834281899487,-5.348184228678323,0.47198294174404476,0
4.367876052856445,-0.6341557196056462,-5.932463470058061,0.4709981705828055,0
4.417882204055786,-0.6281270355819659,-6.3845674595445105,0.4703446766143066,0
4.467900037765503,-0.6202955096697386,-6.603022465519066,0.47061054210342385,0
4.517905235290527,-0.610138603407912,-6.489836058816774,0.47200612525948976,0
4.567909240722656,-0.600257973701781,-6.353332833873612,0.4732446796411931,0
4.617947101593018,-0.5903048489253475,-6.190750625767653,0.4743406704986952,0
4.667964935302734,-0.5428680010812618,-1.2725836561945543,0.485106473129998,0
4.717994928359985,-0.5355609263032529,-1.4147459958687276,0.48401485139973877,0
4.768011093139648,-0.5266268044227593,-1.4288398158836642,0.48334081888046765,0
4.81801700592041,-0.518012337264512,-1.4890295055287603,0.48275173386226805,0
4.868021011352539,-0.5099120844929662,-1.6056564637542226,0.4821513873313259,0
4.918030023574829,-0.5018393847841486,-1.7189943496397946,0.48163184953110255,0
4.9680681228637695,-0.49356831406938134,-1.8202442040698268,0.48117443936468807,0
5.018080949783325,-0.4852558777526022,-1.9157355727010315,0.4808014978350191,0
5.068083047866821,-0.47654252808688913,-1.98740227259901,0.48048197934326364,0
5.118124008178711,-0.46781886398692346,-2.069597872892157,0.48013329635015994,0
5.168152093887329,-0.4601509404567245,-2.226012536678995,0.47978366090204844,0
5.218191146850586,-0.4526116750790773,-2.4340706163579933,0.4796774171339564,0
5.268212080001831,-0.44811201638233933,-2.8629997739530464,0.47986685020567066,0
5.3182361125946045,-0.44448532785493006,-3.335830578764537,0.4804294235206282,0
5.3682801723480225,-0.4413392569237405,-3.8551073928169326,0.48150739457268515,0
5.418281078338623,-0.4396631378525742,-4.3955142300750065,0.48269696727340755,0
5.468294143676758,-0.4393085977933834,-4.930015155828083,0.4837838703681749,0
5.5183422565460205,-0.44017699857514886,-5.453639464969992,0.48493655013967124,0
5.568351984024048,-0.44078808860685625,-5.975790001835704,0.4862447259446432,0
5.618383169174194,-0.4407567438585294,-6.461326021610736,0.48822122140144103,0
5.6684441566467285,-0.44095041643413413,-6.995327105804482,0.491462037837115,0
5.718487977981567,-0.4349849845122006,-6.934373880142661,0.5077487133203179,0
5.76852822303772,-0.4309296712058207,-6.426214390433761,0.5144259485136276,0
5.818557977676392,-0.42472004751060094,-5.899214969983885,0.5159222431357837,0
5.868587970733643,-0.41839498564871397,-5.226098528286486,0.5174179278660795,0
5.918621063232422,-0.41389426782253014,-4.605094582538947,0.5182185640912418,0
5.968667268753052,-0.41115046012058964,-4.046889479947139,0.5183962318916654,0
6.018710136413574,-0.41039532886382574,-3.7098603193308315,0.5180918435895102,0
6.068713903427124,-0.4109134964678211,-3.4349271867227995,0.5171827612573675,0
6.1187310218811035,-0.41233827413195095,-3.1446458745366246,0.5160658751848766,0
6.168752193450928,-0.41439706858353714,-2.832202005534965,0.5148230740172541,0
6.218773126602173,-0.4166038486915855,-2.492347971828524,0.5134462346585145,0
6.2687811851501465,-0.4129644921854248,-2.4426723694095056,0.5134271295727532,0
6.318814039230347,-0.4063533872282562,-2.3540396324317228,0.5139507886600626,0
6.368844032287598,-0.39970388291935516,-2.32539973008869,0.513938208263554,0
6.418865203857422,-0.3926083051501026,-2.3635738341752255,0.5137874064110589,0
6.468883037567139,-0.38519777290441864,-2.456362420979614,0.5137597625540993,0
6.518927097320557,-0.3778859588044344,-2.5778702250324015,0.5138009732017526,0
6.5689451694488525,-0.3704410569686899,-2.714195360526463,0.5139845873545108,0
6.618969202041626,-0.36273910110024987,-2.841322350992974,0.5142287882490544,0
6.668974161148071,-0.35481488832177094,-2.940023510103089,0.514631739238489,0
6.718980073928833,-0.34856263711783964,-3.151980961379984,0.5152227914543371,0
6.768985033035278,-0.34315222063604844,-3.4656360903859675,0.5161692891665836,0
6.819025278091431,-0.3406940229750839,-4.041050781854841,0.5178271139061056,0
6.869051218032837,-0.33787972709419944,-4.615629763834655,0.5193840667176961,0
6.9190919399261475,-0.3347400063383224,-5.203955084418224,0.5211251987112284,0
6.969120979309082,-0.33146171886964126,-5.807126534943622,0.5230980995947201,0
7.019121885299683,-0.3280170932443165,-6.419651816161284,0.5252523875707927,0
7.069129943847656,-0.3245047976979517,-7.030609311782857,0.5275411171857521,0
7.119148015975952,-0.32087308990102625,-7.6375423697641365,0.5299972029720307,0
7.169196128845215,-0.3165750775013953,-9.696771972592764,0.5170799329659729,0
7.2192089557647705,-0.31133845755897516,-10.195905236864407,0.5120788302797892,0
7.269248008728027,-0.30390283145980485,-10.597767559151796,0.5093034334842528,0
7.319249868392944,-0.29627570250330637,-10.915075703917994,0.5081159383013252,0
7.369271993637085,-0.28989803753931137,-11.346592833839685,0.5071732498104102,0
7.419317007064819,-0.28350577673255895,-11.76842165073357,0.5062449888591064,0
7.4693520069122314,-0.27694339877329854,-12.220091353505579,0.5056995552655535,0
7.519387245178223,-0.264206405252563,-12.329228884101097,0.5075597444275276,0
7.5694122314453125,-0.2515216860967806,-12.369463585519762,0.509818015656727,0
7.619451999664307,-0.23885025328085216,-12.409743375784284,0.5120516733318693,0
7.669482946395874,-0.22646751197684717,-12.445970397934369,0.5142364744066854,0
7.719511985778809,-0.2140336041320997,-12.472825955811912,0.5164276419524922,0
7.76953911781311,-0.20237309185116253,-12.517652176631676,0.518478886947663,0
7.819584131240845,-0.1903186190059086,-12.509558684596096,0.5206439266958681,0
7.869592189788818,-0.1781251560217045,-12.546248048044806,0.5227324353583646,0
7.919610023498535,-0.16719414435301938,-12.647809633910077,0.5246440953441805,0
7.969610929489136,-0.15642495405870135,-12.74294948750813,0.5265977370272749,0
8.019654273986816,-0.14584727768697295,-12.830856623343434,0.5285579810220783,0
8.06967306137085,-0.1354395895392861,-12.912418823896026,0.5305199848612097,0
8.119688034057617,-0.1250605120707209,-12.986611675050753,0.5324968070926483,0
8.169708013534546,-0.11479639246070776,-13.057623257155843,0.5344765299422394,0
8.219709873199463,-0.10474093147041325,-13.127807472818663,0.5364419810420993,0
8.26974105834961,-0.09453876884553522,-13.185815828134213,0.5384372444213792,0
8.319756984710693,-0.08429781764795677,-13.243656010155423,0.5404475381863335,0
8.369787216186523,-0.0741473953375764,-13.304216967954341,0.5424608354324075,0
8.41983413696289,-0.0644664493219499,-13.41501143782685,0.5444454228950574,0
8.46987795829773,-0.056621752086844335,-13.590435430873987,0.5469874441343732,0
8.51987886428833,-0.0515725218378062,-13.884151923591771,0.5513058408123345,0
8.569926261901855,-0.047846193644149555,-14.234219026405457,0.5600720006867667,0
8.619929075241089,-0.042572534315280915,-16.61116522320873,0.575639409572232,1
8.669936180114746,-0.037404889901952225,-17.17787397174979,0.5755344813266629,1
8.719964265823364,-0.03326394798556418,-17.575306505199087,0.575943310456221,1
8.769984006881714,-0.030960077282313,-17.89945096921479,0.5762269285793261,1
8.819995164871216,-0.028292827209688055,-17.93407448810754,0.5773764173681758,1
8.87004017829895,-0.0176431169706921,-17.77143345917416,0.5805337895685827,1
8.92004108428955,-0.0074428537209540605,-17.797581652094333,0.5834280346591945,1
8.970043897628784,0.0029337230771098954,-17.808403075546078,0.5863798143529324,1
9.020045042037964,0.013870467081753836,-17.743937589826295,0.5895668780970473,1
9.070070028305054,0.024788925048702726,-17.667011922986646,0.5926660134598272,1
9.120085000991821,0.03593509811853071,-17.5816758980118,0.5957070467406708,1
9.170100927352905,0.04726580540127372,-17.486065998162466,0.5986766032488295,1
9.220144033432007,0.05883146530978531,-17.37800018943578,0.6015753342226368,1
9.270153045654297,0.07046093272754189,-17.265660700202858,0.6043959569192789,1
9.320186138153076,0.0960591346337571,-14.520394504292831,0.61124406559688,1
9.370217084884644,0.10673025792027249,-14.541717656498808,0.6131433760493457,1
9.420222997665405,0.11722058515842748,-14.575977195570372,0.6149459187635664,1
9.470248937606812,0.12674854189751938,-14.697201645832438,0.6165949152509642,1
9.520256042480469,0.13492814899123678,-14.934748410102802,0.6179225595449159,1
9.570266246795654,0.1416072060421416,-15.30941479151223,0.6195377657806234,1
9.620302200317383,0.14848696710731488,-15.662897352500174,0.6212852758471841,1
9.670305013656616,0.1550432421724686,-16.091715524693083,0.6231296851230566,1
9.72032618522644,0.16029624201725085,-16.64611980924211,0.6252071818732662,1
9.770371198654175,0.16512092885911916,-17.230410199111397,0.6274499738784498,1
9.820390939712524,0.1695382039281409,-17.822410744167296,0.6299211975770895,1
9.870430946350098,0.1733264443622059,-18.373603413397994,0.632914961470729,1
9.920466899871826,0.17680547192640825,-18.91557401533075,0.6361451148002688,1
9.970511198043823,0.18002970254563241,-19.39538098740128,0.6400310217359602,1
10.02054500579834,0.17885506203848855,-21.16453129357023,0.6456072606314702,1
10.070574045181274,0.18185504168448333,-21.79092274938291,0.6444112352998481,1
10.120609998703003,0.1856514923512728,-22.404235326777954,0.6436676878648239,1
10.170616149902344,0.18925762607084598,-23.029684101544195,0.6430250311714533,1
10.220627069473267,0.19282559458655635,-23.646061846837785,0.6426127718202624,1
10.270649194717407,0.19650169895887365,-24.198945115531156,0.6427131937959804,1
10.32068920135498,0.2005938201809714,-24.60451188202288,0.643856508298012,1
10.370712995529175,0.204077635118871,-24.991191110388176,0.6448845815756686,1
10.420720100402832,0.2113445522318491,-24.968483219088515,0.6481059511829081,1
10.470755100250244,0.21965448601049067,-24.839331892826927,0.6520188787629881,1
10.520774126052856,0.22811611223779657,-24.685347636114763,0.6559082376699066,1
10.570784091949463,0.23665864187646693,-24.523914493496545,0.6597395429801665,1
10.620800018310547,0.24530039772994272,-24.353824124001353,0.6635137483004718,1
10.670821189880371,0.2540273777687201,-24.1754969840804,0.6672144462033269,1
10.72085189819336,0.26284559487646375,-23.991114023801412,0.670837973437535,1
10.770884037017822,0.29342330576292774,-21.30664710909351,0.6830879165857313,1
10.820901155471802,0.30046337141938634,-21.30989878215862,0.6855664866502689,1
10.870934963226318,0.3087161288461173,-21.18555632050391,0.688476230752128,1
10.920945882797241,0.31652430611294574,-21.102402994425105,0.6912238986700244,1
10.970976114273071,0.32354928190089194,-21.093975663866143,0.6937471113035649,1
11.021019220352173,0.3305703327845973,-21.085601683941423,0.6962616246598994,1
11.071027040481567,0.33748234315489023,-21.082721137745732,0.6987348381254135,1
11.121045112609863,0.34439332735699757,-21.077719335539882,0.7012009731705489,1
11.171088218688965,0.35111040811596883,-21.085850873119927,0.7035654104720891,1
11.221104145050049,0.35639233538473514,-21.185185940078583,0.7058092417352351,1
11.27110505104065,0.35565069805766697,-21.82027215111916,0.7076266922296245,1
11.321108102798462,0.3520846554186495,-22.633527627451425,0.7099723983129244,1
11.371125936508179,0.34685292146382696,-23.532208264247203,0.7122091735285053,1
11.42112684249878,0.3414796529209384,-24.43249009641766,0.7144745880577388,1
11.471140146255493,0.35908184060739334,-23.09025856979623,0.7237576016814311,1
11.521159887313843,0.3712114119917636,-22.298495017872373,0.7243565781535765,1
11.571170091629028,0.38100388117835404,-21.710202632304036,0.7248900871339213,1
11.621210098266602,0.3901274636586536,-21.155075338097415,0.725300158448092,1
11.67123007774353,0.39698979648752447,-20.775495102485415,0.7263755482815795,1
11.721276998519897,0.4043098810787432,-20.491152960973736,0.728178358284718,1
11.771330118179321,0.4107657670612182,-20.405549004155528,0.7303902683271619,1
11.821336030960083,0.41740952227373485,-20.386523423042824,0.7327166097582758,1
11.87137508392334,0.4239878886836965,-20.377136151252017,0.7349839839084793,1
11.921399116516113,0.4305612418271914,-20.368835611369313,0.7372420835385098,1
11.971435070037842,0.4371363167402952,-20.360739511676517,0.7394946921749073,1
12.021465063095093,0.4437259442148437,-20.352264445759143,0.7417466639201672,1
12.071510076522827,0.4502873719502757,-20.346900672653973,0.7439813538801476,1
12.121526956558228,0.45690387610909167,-20.33859355071854,0.7462206170200867,1
12.17156720161438,0.46355698240924026,-20.33120227805733,0.7484697977596598,1
12.22156810760498,0.47025908518838,-20.323117613290634,0.7507363139990313,1
12.271578073501587,0.47705331906454546,-20.312144301268287,0.7530330915595992,1
12.321622133255005,0.48392723980417107,-20.30008761045205,0.7553623511307416,1
12.371628046035767,0.4908740636252415,-20.287901766489945,0.7577296987704505,1
12.421642065048218,0.49797795432279585,-20.267335272287205,0.760175925470612,1
12.47168517112732,0.5053105499785098,-20.228002788468704,0.7627894955945193,1
12.521696090698242,0.5128324025120368,-20.167672579756726,0.7656113764345454,1
12.57174015045166,0.5203155024536943,-20.112997357099218,0.7684061118162269,1
12.621742010116577,0.5278445149301904,-20.05498613201101,0.7712025488028807,1
12.671777963638306,0.5353537510380686,-20.000680580283873,0.7739705384497373,1
12.721812963485718,0.5429015057216429,-19.94384812828051,0.776736447665817,1
12.771827936172485,0.550439385058147,-19.888602659673015,0.7794788939041511,1
12.821858167648315,0.558132782743103,-19.788066225406038,0.7825474962645507,1
12.871861934661865,0.5754709897183373,-19.498357830951473,0.7762917794323039,1
12.921862840652466,0.5804468478693804,-20.039955867145537,0.7669355691971552,1
12.971875190734863,0.5856771778576827,-20.294633473285376,0.7600951803077953,1
13.02188491821289,0.5913356231510197,-20.35052655857918,0.7549380461611732,1
13.071916103363037,0.5980529593011126,-20.143834701458207,0.7525155020098362,1
13.121922016143799,0.6052776486401243,-19.996044882527,0.7539963466857604,1
13.171938180923462,0.612852047005516,-19.911018544742838,0.7566606823212453,1
13.221983909606934,0.6202553878271961,-19.887860036336683,0.7594091501197824,1
13.27198600769043,0.6275639732553913,-19.87307360537591,0.7621008147783187,1
13.322015047073364,0.634888101379062,-19.857511791079453,0.7647919666033094,1
13.372059106826782,0.6422159173988188,-19.842817659540117,0.7674797802360416,1
13.422070980072021,0.6495595116407497,-19.826815333333105,0.77016811320314,1
13.47207498550415,0.6568983016230553,-19.81129426008308,0.7728490940025178,1
13.522093057632446,0.6642663401019601,-19.793991749806626,0.775534909153431,1
13.572111129760742,0.6716106548950875,-19.779041624584934,0.7782064018076873,1
13.622112035751343,0.6789971600151972,-19.760610280980114,0.780885819397631,1
13.672152996063232,0.6863843964739019,-19.742876621944994,0.7835578504221847,1
13.722166061401367,0.6937676234403641,-19.725315586445657,0.7862192044284894,1
13.772173166275024,0.7011731717397751,-19.70608205205059,0.7888767303849579,1
13.82219386100769,0.7085790391941356,-19.6870243504339,0.7915275660263787,1
13.872217178344727,0.7159841097284467,-19.667891090348775,0.7941726673929155,1
13.922250986099243,0.7233815454331189,-19.649696067581804,0.7968087795556231,1
13.972269058227539,0.7307095858923066,-19.636696133065776,0.7994163382056308,1
14.022282123565674,0.7381726765631285,-19.61251737742644,0.8020644903208111,1
14.072301149368286,0.74559189308943,-19.59182810832145,0.8046945210458711,1
14.122327089309692,0.7529722319936996,-19.573948100177674,0.8073018013344727,1
14.172327995300293,0.7603810425918868,-19.55282669663179,0.8099174592342543,1
14.222354888916016,0.7677622788006024,-19.533634813366554,0.8125178046370376,1
14.272401094436646,0.7751116255231494,-19.51684752758099,0.8151006939495358,1
14.322403192520142,0.7822099273227084,-19.994179572079748,0.8176384830799045,1
14.372442245483398,0.788754045466333,-20.00269425410882,0.8204459382708302,1
14.422445058822632,0.795522083788292,-19.991826658908423,0.8229937799154827,1
14.472445964813232,0.8022786386911221,-19.9822868096851,0.8255049551706021,1
14.522484064102173,0.8090671669896957,-19.968637914754282,0.8280243816762158,1
14.572556972503662,0.8158194301050197,-19.957292747020386,0.8305270167406119,1
14.62259817123413,0.8225948061120837,-19.943420024349557,0.83303154780364,1
14.672636985778809,0.8293394962327296,-19.930980184504786,0.8355205256931153,1
14.722644090652466,0.8361008737630414,-19.91627517304249,0.838010968728766,1
14.772657871246338,0.8428637806398752,-19.900596917577822,0.8404971962777854,1
14.822703123092651,0.8495851727544631,-19.888528978261935,0.8429633720083123,1
14.872741222381592,0.8563648244094367,-19.87087140693666,0.845445034531058,1
14.922780275344849,0.8631320307939104,-19.85404095365535,0.8479165590195638,1
14.972785949707031,0.8698826632436796,-19.83820764848609,0.8503762324168268,1
15.022852182388306,0.8766115747780174,-19.824156437622968,0.8528217717771928,1
15.072858095169067,0.8827206606364257,-19.86782104980295,0.8550458622239923,1
15.122875213623047,0.8901740489260143,-19.79037465900084,0.857731503828808,1
15.172902822494507,0.8970946525991127,-19.76152774226729,0.8602136173078745,1
15.222938060760498,0.9039585237924472,-19.739042466575206,0.8626712674361747,1
15.272976160049438,0.9108196468605133,-19.7182068147243,0.8651232050038795,1
15.323021173477173,0.9177003454203688,-19.697056427598614,0.867576399765347,1
15.37304401397705,0.9246079088529634,-19.674608508846962,0.870034430505909,1
15.423069953918457,0.9315172009939354,-19.653333835355554,0.8724878739133285,1
15.473094940185547,0.9379324760444223,-19.6439355480075,0.8749811552744355,1
15.523142099380493,0.9437384584453145,-19.642527546704834,0.8776603190104983,1
15.573180913925171,0.94776407219668,-19.600017223372017,0.880821554493582,1
15.623202085494995,0.9525217249567729,-19.583139204088262,0.8831166020619288,1
15.673249959945679,0.9581041980867393,-19.546292002983918,0.8855039403534885,1
15.723268032073975,0.9682338461796246,-19.30741039191368,0.8944535998771573,2
15.773292064666748,0.9759471976536092,-19.945173686983882,0.8882072674699227,2
15.82331895828247,0.9812610893771848,-20.295787673351413,0.8885616849962262,2
15.873359203338623,0.989223131263418,-20.196509832340848,0.8924258969778668,2
15.92339825630188,0.9967913937442477,-20.145030397717957,0.8955903261978535,2
15.973415851593018,1.004147981936333,-20.11656729135624,0.8984759045783435,2
16.023428201675415,1.011393876132679,-20.099473383639182,0.9012232860196951,2
16.07344698905945,1.018561134781712,-20.08967035729466,0.9038907091103282,2
16.123489141464233,1.0257621159205774,-20.07794814624231,0.9065443152527592,2
16.17349100112915,1.0329144656700833,-20.068779213717104,0.9091711116205802,2
16.22349214553833,1.0400676726193394,-20.05844868761631,0.9117902148536309,2
16.273531198501587,1.0471643333180656,-20.052287612864816,0.9143828275718323,2
16.32357907295227,1.0542815715545142,-20.043542453952604,0.9169740528323188,2
16.3735830783844,1.0613821640548957,-20.034031918587626,0.9195533525257779,2
16.423593997955322,1.0684772388029973,-20.02383835982067,0.9221262581121763,2
16.473602056503296,1.075641094178425,-20.012346657906885,0.9247176462555432,2
16.52364706993103,1.0831745814630807,-19.998480052649242,0.9274345350057531,2
16.573693990707397,1.0909275428417948,-19.985038508484738,0.9302150717438001,2
16.62369728088379,1.0988125508135824,-19.96919180141721,0.9330333763017575,2
16.67370295524597,1.1066958133414326,-19.9581998378006,0.9358457910292614,2
16.723793983459473,1.1147348870050333,-19.94328671751327,0.9386944594386394,2
16.773798942565918,1.1228503404639958,-19.928260638082065,0.941576307431974,2
16.82384991645813,1.1310114508733775,-19.91367973430688,0.9444746057760193,2
16.873905181884766,1.1392099493349086,-19.900785362644555,0.9473844435146905,2
16.9239239692688,1.146591782343474,-19.93380561054533,0.9504818607714686,2
16.973939895629883,1.151723419417907,-20.08731525971964,0.9545058830402392,2
17.023974895477295,1.1575569759605413,-20.17383703114911,0.96083946140999,2
17.074038982391357,1.1627826856163295,-20.35867758907683,0.9683790819316493,2
17.12408185005188,1.1675610086896746,-20.546086415343073,0.9767218983575109,2
17.17409896850586,1.1688858970329508,-20.28545475956271,0.9995153019636325,2
17.22413206100464,1.1738878625351914,-20.181742876144696,1.0034215908614832,2
17.274139165878296,1.1796769355639671,-20.165235060850968,1.005402825726493,2
17.32418704032898,1.185613505693852,-20.156689682819884,1.0073374781411963,2
17.37421202659607,1.191446997370364,-20.15317221170744,1.0092499872577703,2
17.424236059188843,1.1971749578165445,-20.14789198689702,1.011150453451192,2
17.474278211593628,1.2027629449144701,-20.139909081682408,1.0130195791289218,2
17.524283170700073,1.2081896451460852,-20.141679012470448,1.0148844288097563,2
17.57433295249939,1.2135903873040574,-20.144712757746994,1.0167437830957458,2
17.624348163604736,1.2190062082772932,-20.13719819716031,1.0186056306974207,2
17.674358129501343,1.2243768192300855,-20.129082960192807,1.0204660699947012,2
17.72439193725586,1.229910036461281,-20.099471100409087,1.0224288250695486,2
17.774399042129517,1.2356556707765542,-20.044245531664973,1.0245394858408456,2
17.824443101882935,1.2414601453908423,-19.98059769355081,1.0267034504026422,2
17.874474048614502,1.247256898114335,-19.91009774131253,1.0288570336215794,2
17.924486875534058,1.2529089196253635,-19.8493659207212,1.031061783243851,2
17.974514961242676,1.2584312711863208,-19.780329059599634,1.033230498926263,2
18.024533987045288,1.2638102998052558,-19.657637650348605,1.0359866358774343,2
18.074565172195435,1.2650192252651062,-19.90604941501587,1.0342059892896078,2
18.124582052230835,1.2634561492419947,-21.11714236435439,1.0230058836799993,2
18.174605131149292,1.266537650314651,-21.315620985738377,1.0226100919146985,2
18.224645137786865,1.2703135256375184,-21.382060844478396,1.0237352745512434,2
18.27465295791626,1.273659837477054,-21.41026100468471,1.025102564486864,2
18.324655055999756,1.2767751302405532,-21.428871909473873,1.0263759687039749,2
18.37468910217285,1.279578826512614,-21.462954137853476,1.027586578608266,2
18.424739122390747,1.2823390064221634,-21.48266793485309,1.0287251970627405,2
18.47477412223816,1.284994126035834,-21.48458566340321,1.029776638359589,2
18.524824142456055,1.2875342011284598,-21.481762059306842,1.030764365277538,2
18.574836015701294,1.308720786797452,-20.56319809605065,1.0071710446485895,3
18.62485408782959,1.3160655488856625,-20.397760834623163,1.0112584509615912,3
18.6749050617218,1.3222969592212674,-20.38649492988252,1.013438149943117,3
18.72495698928833,1.3282962305029258,-20.369795473169802,1.015652857614254,3
18.775002241134644,1.3339085123332381,-20.36109857269356,1.0176160593862857,3
18.82502818107605,1.3402107894928528,-20.246875212790524,1.021179693914696,3
18.875054121017456,1.346170759675079,-20.251306960433354,1.0234549796211474,3
18.9250750541687,1.3523829004144363,-20.206067953659147,1.0259495194776438,3
18.97510004043579,1.3596575213518196,-20.180995014916988,1.0285576303594515,3
19.02513885498047,1.366832550493322,-20.167728728301846,1.0311926473287942,3
19.07516598701477,1.3740462590105798,-20.15229287969607,1.033840747575949,3
19.12517499923706,1.3812467210548098,-20.13717631293522,1.036478721824608,3
19.17521095275879,1.3884705945029456,-20.120525506268258,1.0391192894258257,3
19.225260019302368,1.3956997760420686,-20.103290862072186,1.0417557371498687,3
19.27526307106018,1.4029034143724617,-20.088228285416577,1.0443775010033132,3
19.32528805732727,1.4101533756732847,-20.07007420733861,1.0470090370417846,3
19.375328063964844,1.417403256738158,-20.05201396856796,1.0496326885166682,3
19.42535400390625,1.4246675052064406,-20.03297646895152,1.0522530120395435,3
19.47535800933838,1.4319347565895195,-20.014137158251344,1.0548628475608104,3
19.525371074676514,1.4392137916546326,-19.99483712994761,1.05746833718267,3
19.57538890838623,1.4465222338635066,-19.973586478469958,1.060080582131649,3
19.625407934188843,1.4538359530926204,-19.95227937202494,1.0626885632879923,3
19.675430059432983,1.4611580397815496,-19.931063561463038,1.065294181588817,3
19.725468158721924,1.4684229488409273,-19.914368500473138,1.0678736992390048,3
19.77549910545349,1.4757402743940828,-19.89459675272095,1.0704678694751866,3
19.825521230697632,1.4830819230558636,-19.872688800551455,1.0730636045465616,3
19.875568151474,1.4903826185861688,-19.855023691665107,1.0756389937709885,3
19.925586938858032,1.4977199006724171,-19.83289130324775,1.0782272296088768,3
19.975594997406006,1.5050274006581417,-19.813094409525494,1.0807984337418766,3
20.02562713623047,1.5127116582943907,-20.24015554988582,1.0832332959465905,3
20.07563805580139,1.5191445841999933,-20.27968879143268,1.0862646274306114,3
20.12565302848816,1.526236240050216,-20.265162950001667,1.0889484943475716,3
20.17568302154541,1.5332905650364637,-20.253466344788478,1.0915703735639835,3
20.22572898864746,1.5403639345010351,-20.24012085183346,1.0941922363020287,3
20.275732040405273,1.5474148616699017,-20.228731399992466,1.0968037535146917,3
20.325754165649414,1.5544843870213638,-20.214503187641746,1.0994146970397245,3
20.375784873962402,1.5615769373506279,-20.19911882178531,1.102029731855243,3
20.425790071487427,1.5686200217173127,-20.187473113919527,1.1046232967020468,3
20.475799083709717,1.5757132153528333,-20.171409951433525,1.1072299798327552,3
20.52582597732544,1.5827991814509765,-20.155535882118222,1.1098288780179573,3
20.57584524154663,1.5898373914327282,-20.143835248156567,1.112405734965687,3
20.625850200653076,1.5969685549506176,-20.123698288436156,1.1150096234762845,3
20.675854206085205,1.6040856102979817,-20.106010154799037,1.11760317606643,3
20.725901126861572,1.6111725503348393,-20.090650723631228,1.1201793765231958,3
20.77593493461609,1.6182999952877715,-20.071864006036694,1.12276322842677,3
20.82598304748535,1.625431086616786,-20.05323435180963,1.125340588387147,3
20.876026153564453,1.632541506095942,-20.037005267163348,1.127898860989518,3
20.92605996131897,1.6397103756409332,-20.016755185925817,1.1304698972337925,3
20.976068019866943,1.6468934044461112,-19.995299955943405,1.1330391857053843,3
21.026074171066284,1.6540737565539931,-19.975645079641055,1.1356022722435208,3
21.076080083847046,1.661240680474701,-19.95714092133815,1.138155989879208,3
21.126132011413574,1.6682871155798014,-19.930638716903644,1.14070747110476,3
21.176167964935303,1.6753379178468035,-19.809392961489667,1.1436413972233679,3
21.226186990737915,1.6824616991268542,-19.500107729805897,1.147711913472537,3
21.27622103691101,1.6901886633659182,-18.97022143422769,1.153357936776257,3
21.326276063919067,1.6990255200769824,-18.304875590052582,1.159914909928927,3
21.376281023025513,1.7084166285137565,-17.544433513591414,1.1680639630288525,3
21.426305055618286,1.7140482371368748,-17.186804953560156,1.1769976562491105,3
21.4763400554657,1.7124531818715425,-18.488399241463664,1.1937947294238767,3
21.52638006210327,1.7186500418128123,-18.507537148709634,1.196091179866291,3
21.576383113861084,1.725017991778884,-18.50922129884313,1.1984346646598916,3
21.626389980316162,1.731411278085798,-18.507603480290395,1.2007949288325115,3
21.676417112350464,1.7378515128429313,-18.50163012779318,1.2031730226860453,3
21.726440906524658,1.7443650142589204,-18.486735884578582,1.2055787188514056,3
21.776454210281372,1.7511311182923333,-18.439802755477604,1.2081578363581247,3
21.82649803161621,1.7582107371787934,-18.34030307419575,1.2108721737136527,3
21.87654209136963,1.7653348365834212,-18.237293506235766,1.213550836268195,3
21.92655301094055,1.7725419515422396,-18.127250367869443,1.2161970710305634,3
21.976577043533325,1.779870634093746,-18.006659469865944,1.2188148008244903,3
22.02657723426819,1.7872820491608765,-17.878113117701396,1.221385831848596,3
22.076593160629272,1.7947617687626027,-17.75151965755882,1.2239079012532164,3
22.12664008140564,1.8150785536025824,-15.892428129001367,1.2316014629360799,3
22.17664098739624,1.8233789483699172,-15.676666803805684,1.23422318071874,3
22.226643085479736,1.8314535355183825,-15.498401095806647,1.236633348763324,3
22.27666997909546,1.8395357572155862,-15.325925199579473,1.2389453379962785,3
22.32668113708496,1.846681249145138,-15.26670299628208,1.2410479503744656,3
22.37668204307556,1.8539492375106577,-15.212305407273803,1.2431408091631033,3
22.426704168319702,1.8590708243179155,-15.350080856296243,1.2441951365465254,3
22.476711988449097,1.8624607603802832,-15.624096683929025,1.245354486287421,3
22.52674889564514,1.8656941738044794,-15.929337762712045,1.2466322235889506,3
22.576797008514404,1.8671190162487639,-16.388932289765716,1.2476695955333912,3
22.626834869384766,1.867560657495025,-16.912571361403344,1.2490850603983403,3
22.676862955093384,1.867945501380713,-17.456812523697735,1.250737126308291,3
22.726874113082886,1.8683688017682472,-18.01366169455935,1.2526443240738414,3
22.77691388130188,1.8689768418790706,-18.520949753804352,1.2553625601418212,3
22.82693910598755,1.8696703381482875,-18.98994706942372,1.2588323521577465,3
22.876984119415283,1.8698586425620187,-20.765693643931915,1.261317921484774,3
22.92699384689331,1.871757496915723,-21.246378541970422,1.2585102049849632,3
22.977025985717773,1.8739551042406108,-21.73899739811952,1.2561926300879351,3
23.027036905288696,1.8765612918305912,-22.24388885330661,1.255006071567314,3
23.07707691192627,1.8786499910535808,-22.778526310360956,1.254242733916756,3
23.12710404396057,1.8806357746976214,-23.29443217509564,1.253683263541448,3
23.177130937576294,1.882562153534157,-23.78443076411852,1.2533551698301004,3
23.227174282073975,1.8853081408904742,-24.12955908371324,1.2539985766212536,3
23.27719020843506,1.888381991240461,-24.416622539123367,1.2551075118566368,3
23.327214002609253,1.8920365461913629,-24.652234476154277,1.256389753570906,3
23.377259016036987,1.8992989808445309,-24.493910225080494,1.2596879782275856,3
23.427259922027588,1.9066270845067224,-24.327207545294023,1.2629504494135513,3
23.477293014526367,1.9140244287992882,-24.153246472035296,1.2661406553046208,3
23.52731204032898,1.921519497408399,-23.96930473697171,1.2692626352354919,3
23.577367067337036,1.9290510911352714,-23.782476010086587,1.2722820868633506,3
23.62738299369812,1.9484085182679103,-21.864728676691385,1.2801615052351019,3
23.67741584777832,1.9550974491198165,-21.782967952366068,1.282680535064863,3
23.727429151535034,1.962153607058503,-21.654460568134684,1.285240820413583,3
23.777435064315796,1.9691688467929873,-21.532929948152017,1.2877115443905032,3
23.827470064163208,1.9755693198485598,-21.48801677038869,1.290027712380267,3
23.877483129501343,1.9817585175021815,-21.480884847660334,1.2922769740091065,3
23.927495002746582,1.9879207247544048,-21.479952007220838,1.2945159822723835,3
23.97751021385193,1.9940709622633472,-21.481623224919105,1.2967487968510851,3
24.027558088302612,2.0002716075186036,-21.480392190060467,1.2989889598975497,3
24.07756996154785,2.006448039214869,-21.481854434931623,1.301215417812266,3
24.12759494781494,2.012624456715754,-21.4839687510352,1.303435764109129,3
24.177622079849243,2.0187891932157096,-21.48687997929708,1.3056486007428514,3
24.22764015197754,2.024994568911265,-21.487186756784542,1.3078641529912634,3
24.277648210525513,2.0311703068886153,-21.489037669240943,1.3100665841577657,3
24.32768702507019,2.042943725675481,-22.634603524902644,1.2918937281497442,4
24.377702236175537,2.0534415532502477,-22.023933804761022,1.2900412189006898,4
24.427711963653564,2.0648482071356975,-21.279326302051967,1.2896955942795787,4
24.477726936340332,2.074632457861165,-20.729318504137222,1.2902633249970963,4
24.527755975723267,2.0832714221124804,-20.376628757928227,1.29196027503883,4
24.577786207199097,2.090509126390943,-20.26439438166622,1.2944446479855585,4
24.627824068069458,2.098020466507477,-20.2224827082286,1.2972506034236428,4
24.677855014801025,2.1051607545235074,-20.207666643837403,1.2998882635499587,4
24.727878093719482,2.1123324035235536,-20.190959319687114,1.302527520823138,4
24.77790594100952,2.119470760432351,-20.17673697975749,1.3051488780923843,4
24.8279070854187,2.1266293875502535,-20.16045688132185,1.3077724578850065,4
24.877908945083618,2.1337782146437543,-20.145002253291057,1.3103874134402471,4
24.927940130233765,2.140936139142929,-20.129051384036863,1.312999886560697,4
24.977955102920532,2.1481315228289217,-20.110297375252344,1.3156196081596192,4
25.02799415588379,2.1552053366753556,-20.10213675150395,1.3181909820305744,4
25.07800006866455,2.1624488835993816,-20.07956956829926,1.3208137462274174,4
25.12801504135132,2.169659631265695,-20.060170589073728,1.3234170272866272,4
25.178056955337524,2.1769131860662516,-20.038070059096135,1.3260226349746802,4
25.228070974349976,2.1841469359438808,-20.017889228416042,1.3286141645278915,4
25.278111934661865,2.1913913902717788,-19.99779496882536,1.3312040534698664,4
25.328132152557373,2.198601533672195,-19.98098001713218,1.3337768853807466,4
25.378138065338135,2.205858076252442,-19.960806449298996,1.3363604252264094,4
25.428166151046753,2.2131427744068235,-19.938905675457647,1.338948757367696,4
25.478173971176147,2.2203898359305296,-19.92059707470639,1.3415189071677531,4
25.528220176696777,2.227694144445728,-19.898069100287042,1.3441017810863451,4
25.57825803756714,2.2350014419062623,-19.87550500115377,1.3466823757993285,4
25.62827205657959,2.242282845286798,-19.855397311950455,1.3492499729013314,4
25.678277254104614,2.2495844878249365,-19.833518340171988,1.3518202483776858,4
25.72831416130066,2.2580844444496644,-20.194241465273034,1.3538052178733941,4
25.778326988220215,2.2638571398218974,-20.286814540275017,1.3572596991643326,4
25.82835602760315,2.27091174237472,-20.278573447894825,1.3599726325191646,4
25.878372192382812,2.2780293825131364,-20.266184400928733,1.3626222373006955,4
25.928397178649902,2.285130393011711,-20.25502428024532,1.3652562362060545,4
25.978400945663452,2.292251104746533,-20.241979257641226,1.3678918758047338,4
26.028406143188477,2.299380719910865,-20.22805748305824,1.370526589677262,4
26.078445196151733,2.30651320451073,-20.214377779395026,1.3731571360112953,4
26.128451108932495,2.313649266873089,-20.199819051926593,1.3757857264522566,4
26.178458213806152,2.3207770076414684,-20.185923576178098,1.3784058070332221,4
26.228485107421875,2.3279111900525624,-20.17122411682806,1.3810236140384229,4
26.27850103378296,2.3350860213890337,-20.15390512940549,1.383650954856957,4
26.328511953353882,2.342218775644842,-20.139517277239932,1.3862576295681759,4
26.378514051437378,2.3493797498888638,-20.122897503070337,1.3888686749773687,4
26.42852807044983,2.3565230254684155,-20.107142682791025,1.3914671373347156,4
26.478559017181396,2.363736847194091,-20.087718519792233,1.3940842543806293,4
26.528582096099854,2.370937148318914,-20.06867670749175,1.396688202096778,4
26.578589916229248,2.3781272190161515,-20.050688621364863,1.3992791551093118,4
26.62859010696411,2.3853489809154707,-20.030685907952275,1.4018703069924026,4
26.678616046905518,2.392594924150497,-20.00975179279049,1.4044638309862538,4
26.728644132614136,2.399843170978075,-19.989145392598417,1.4070517110292633,4
26.778661251068115,2.407033008398767,-19.97406001532745,1.4096159759847717,4
26.828678131103516,2.414345563525496,-19.94908336431853,1.4122155540750059,4
26.878707885742188,2.421601731788147,-19.929489509932065,1.4147918757391884,4
26.928745985031128,2.42889029604382,-19.907754103964486,1.4173732023101973,4
26.97874617576599,2.436148965499933,-19.888160821061966,1.4199389136155791,4
27.02875590324402,2.4434317918286697,-19.867698803062638,1.4225103827143328,4
27.07877206802368,2.4507117762023065,-19.84751272878784,1.4250753720020275,4
27.128791093826294,2.458006036043981,-19.82616803019537,1.4276400701588334,4
27.178793907165527,2.4648177747638744,-20.29979348728983,1.4295662537224127,4
27.2288179397583,2.469731711697935,-20.3267121709466,1.4319280724771013,4
27.278853178024292,2.474871099303194,-20.298509585970695,1.4341824486525236,4
27.32887291908264,2.4815657312353725,-20.268518862283226,1.436711808911475,4
27.378890991210938,2.4887950074562504,-20.24828871819813,1.4394024548142776,4
27.4289391040802,2.495932813832138,-20.235183694579682,1.4420434731591056,4
27.4789719581604,2.503077211288712,-20.221458772303333,1.4446815962416653,4
27.528977870941162,2.5102100649200447,-20.208486333611496,1.447310965800493,4
27.578988075256348,2.517314038664239,-20.20012878713974,1.449886281298456,4
27.629009246826172,2.524626377408262,-20.187845528960395,1.4525555619767767,4
27.6790132522583,2.5320438970474806,-20.17335938262671,1.455276809010292,4
27.729051113128662,2.5394582430048587,-20.15833251183613,1.4579931672774393,4
27.779054164886475,2.5467930029978043,-20.138782159594026,1.4606816165133263,4
27.829056978225708,2.5540572428472266,-20.115027589208054,1.463357281493133,4
27.87908911705017,2.5612786569990718,-20.095007781994287,1.4659882463048055,4
27.92913007736206,2.5684908999777996,-20.07661639626418,1.4686020132633804,4
27.97915005683899,2.5756545230790664,-20.062387122408808,1.4711896955041148,4
28.029198169708252,2.5829154962608865,-20.04116278851753,1.4738018905710992,4
28.07924509048462,2.590164934588434,-20.021063476210102,1.4763991989992433,4
28.129276990890503,2.5974404311521786,-19.999474564841293,1.4790005634139072,4
28.17928194999695,2.6046876981076403,-19.980161836078377,1.4815865953447058,4
28.22932195663452,2.611964884512304,-19.95971857852923,1.4841775711164977,4
28.279366970062256,2.6192213110213465,-19.940983601801904,1.486756591727883,4
28.32938504219055,2.6263672562713665,-19.923190017364306,1.4893494248679544,4
28.379396200180054,2.632461405762322,-19.924155469163818,1.4924805356658128,4
28.42939805984497,2.6373252415358057,-19.824223159682482,1.4971698620723441,4
28.479444980621338,2.6398329444991857,-19.852777455939567,1.5030597135870067,4
28.52946901321411,2.6418728130778697,-19.814824416738062,1.5113185078949138,4
28.57949995994568,2.6484435817212333,-19.566157232952488,1.5305638972164695,5
28.62953495979309,2.6525525468465663,-19.739691575580387,1.5376073134570494,5
28.679542064666748,2.659805355955911,-19.741848309924737,1.540239604612336,5
28.72958016395569,2.667120041038037,-19.74392354324347,1.5428278187105946,5
28.7795991897583,2.6745606485214464,-19.73477667023372,1.5454733132898486,5
28.82960796356201,2.6823119014472936,-19.692292841841635,1.548312539497688,5
28.879634857177734,2.6905284767910755,-19.600029685553267,1.551295486754509,5
28.929651975631714,2.698665619138898,-19.514524912121292,1.5542131878623036,5
28.979673147201538,2.7068500009243333,-19.42343476271119,1.5571195541082454,5
29.029685974121094,2.715108759263625,-19.32572231383341,1.5600123174833909,5
29.079707145690918,2.7234245459287294,-19.22194695911794,1.5628856080886657,5
29.129719972610474,2.7317894497002735,-19.113360483492116,1.5657296220407968,5
29.17973804473877,2.7402081121114574,-19.00154821377159,1.5685396568923347,5
29.229772090911865,2.773965372920047,-15.336879794953209,1.581583871680127,5
29.279809951782227,2.7791127105050215,-15.669353476559815,1.5830320747964388,5
29.329849004745483,2.788329532831499,-15.47608335586156,1.5859820578400208,5
29.37989616394043,2.7975463247300865,-15.286884325226131,1.5888575135659875,5
29.429905891418457,2.806165790801894,-15.162432744429248,1.5913756212143666,5
29.479942083358765,2.8122451755866873,-15.187819020779893,1.593412928966551,5
29.52996516227722,2.8171296126055965,-15.307659871013284,1.5952155015770795,5
29.579967975616455,2.8215316878857903,-15.458442578514324,1.5971695899361111,5
29.630006074905396,2.822735848624988,-15.859300729599571,1.5989403605733492,5
29.680042028427124,2.8229376998002236,-16.395105614222565,1.6007554300357623,5
29.730068922042847,2.821014411029546,-17.223975069146885,1.602350717845226,5
29.78008008003235,2.8175476275791094,-18.259922011074178,1.6034399724409427,5
29.830097913742065,2.8132458776564135,-19.456050200104468,1.6040030041778948,5
29.880122184753418,2.8087983869856887,-20.645776122188096,1.6049392771091329,5
29.93014907836914,2.8084269971468743,-21.2866941107183,1.6097456364206448,5
29.98017907142639,2.8093175708078237,-22.1210808256695,1.6133642121491687,5
30.030222177505493,2.8110134131614797,-24.334963267839925,1.6054366966445124,5
30.080241203308105,2.81441256086835,-24.89320967903664,1.5967463077535642,5
30.13026714324951,2.8190215387644617,-25.099735532733053,1.59315901443123,5
30.180289030075073,2.8251074999027237,-25.096901335761043,1.592889514745237,5
30.230329036712646,2.832113742881327,-25.01005086585591,1.5952166081034012,5
30.280336141586304,2.8388637593762858,-24.95202367627364,1.5983684780321166,5
30.330339193344116,2.8455435050986257,-24.897125016701192,1.6014678763215837,5
30.380345106124878,2.8522347287896626,-24.835306104722292,1.6045634740585635,5
30.430390119552612,2.858953568396709,-24.76258730224274,1.6076653090645283,5
30.480434894561768,2.8660474923024672,-24.618330783011253,1.6110154429297128,5
30.530468225479126,2.873173935125066,-24.45747517082049,1.6142779781018377,5
30.58049511909485,2.8803675578073484,-24.289258384004295,1.617473834179307,5
30.630502223968506,2.8876425835689385,-24.11153862444159,1.6206021867828064,5
30.680520057678223,2.8949704026741174,-23.927862039845703,1.6236415735978138,5
30.73055410385132,2.902360225157756,-23.742252819564072,1.6266076816376684,5
30.78058123588562,2.9205802554226468,-21.907755174869486,1.6339997295831739,5
30.83060908317566,2.927671002118417,-21.7523340848385,1.6366674351183854,5
30.880614280700684,2.9345495472990573,-21.628755669334296,1.6391478157909205,5
30.9306218624115,2.941418484298142,-21.50847203977841,1.6415533294591973,5
30.980623245239258,2.947593216623655,-21.479121321687295,1.6438068084017576,5
31.030630111694336,2.953671259828782,-21.474134797978085,1.6460163269578043,5
31.080638885498047,2.959739882412166,-21.473330627530387,1.6482206372957202,5
31.13067388534546,2.965788635212441,-21.47727528778824,1.6504152299402188,5
31.18070697784424,2.9718820384447566,-21.478365714355178,1.6526157568724678,5
31.23073101043701,2.9779649139840276,-21.481551651810197,1.6548088788025337,5
31.28073811531067,2.984063175452888,-21.48379591221766,1.656999228947824,5
31.330747842788696,2.9901619902331675,-21.486376345979227,1.6591847986432537,5
31.38078808784485,2.9962663265844944,-21.489108132715643,1.6613674674218342,5
31.43081021308899,3.00656816300562,-21.68688056272126,1.6621490807954633,5
31.480854988098145,2.997831712658276,-23.86331609952982,1.6580236751919488,5
31.530863046646118,2.998961987705247,-24.78534916292487,1.6568412171428206,5
31.58089017868042,3.0033925697533173,-25.208083499790558,1.6580310324559409,5
31.630927085876465,3.0097772321637106,-25.32552427163095,1.6606844531990819,5
31.680935859680176,3.01767041853365,-25.25674297517325,1.6641626402394496,5
31.730977058410645,3.025671558382773,-25.178923718866564,1.6676867647659994,5
31.780977964401245,3.03289288398604,-25.154078300346942,1.6706739698735165,5
31.831024169921875,3.037809229413436,-25.11398703385832,1.6728087071506492,5
31.88102912902832,3.04330895621731,-24.750078802251267,1.6757618242479195,5
31.931056261062622,3.0515561200968984,-24.370716187401182,1.679687039897963,5
31.981076955795288,3.0566151187409707,-24.562527185279528,1.6831094562963842,5
32.03109002113342,3.0691789650925387,-24.048676852338495,1.6852334316579007,5
32.081114053726196,3.1044508558365975,-21.168024810912762,1.6761160042388676,5
32.131150007247925,3.123274142077198,-19.980148869272824,1.669290191458778,5
32.18119192123413,3.1275444810747164,-20.01181067781246,1.6713634998552416,5
32.23119807243347,3.133420599045786,-20.060604625550873,1.6741074490126981,5
32.281208992004395,3.1405304511299517,-20.049898277580915,1.6767676955146058,5
32.331218004226685,3.147747619217208,-20.033079215167415,1.6793695155071997,5
32.38128423690796,3.1550296691805544,-20.011895390474958,1.6819785764693798,5
32.43129920959473,3.1623141596905633,-19.991264630846963,1.6845822078428088,5
32.481322050094604,3.169586441586969,-19.97178285992328,1.6871747163436128,5
32.531336069107056,3.176890534870173,-19.95014510101318,1.68977444315865,5
32.581340074539185,3.184164569607064,-19.931224506878554,1.6923578777104025,5
32.631343126297,3.19147180734713,-19.909953070128815,1.6949474498340693,5
32.68135714530945,3.198782581522374,-19.888762539029578,1.6975334162743783,5
32.73138999938965,3.20608671832248,-19.868698726426867,1.7001121607672434,5
32.78145718574524,3.2133719972836516,-19.848982319439408,1.7026808095013424,5
32.83145809173584,3.2207052724213545,-19.828087761129712,1.7052604636074098,5
32.88146209716797,3.2284554343810523,-20.244194327236457,1.7076149752563163,5
32.93148589134216,3.2348560156815562,-20.288415500055475,1.7107151094809203,5
32.98153209686279,3.2419385770970357,-20.27644190911194,1.7134093644457207,5
33.031578063964844,3.248688389444133,-20.23333606753352,1.7157677727162992,5
33.08161211013794,3.254008446108912,-20.251371037608926,1.717684448717823,5
33.13166689872742,3.2594682192082414,-20.2817439421624,1.719864980541587,5
33.18168592453003,3.266747361297318,-20.232264789923843,1.7226065346089803,5
33.23170208930969,3.2739085482005095,-20.21201098155611,1.7252653732275314,5
33.28171896934509,3.2810148682882874,-20.19713210451692,1.7278827080006407,5
33.331764936447144,3.2881242261163424,-20.18200233012729,1.7304960173412651,5
33.3817982673645,3.2952168729543456,-20.167180549701136,1.733097241878664,5
33.43180322647095,3.3023435511049293,-20.150885907867053,1.7357067593139532,5
33.4818549156189,3.3094267832441977,-20.13729992221296,1.7382943849064245,5
33.531869888305664,3.316602535672669,-20.116935048389333,1.7409096219456046,5
33.58191108703613,3.3237189666482454,-20.101208188009302,1.7434971128143322,5
33.63196110725403,3.3308859431042714,-20.08168867042942,1.7460953489617366,5
33.68197822570801,3.3380362942017485,-20.06334631958948,1.7486796633283606,5
33.73199701309204,3.345206622874055,-20.043916733238536,1.7512606450399355,5
33.78201198577881,3.352346648957702,-20.02703629079767,1.7538214976972444,5
33.83202409744263,3.359550467730877,-20.006694909304883,1.756398873059338,5
33.88204216957092,3.3667853274682837,-19.984621435175296,1.7589814202634058,5
33.93205904960632,3.374008554081158,-19.963929637270876,1.761554013764621,5
33.98210310935974,3.381211278305206,-19.94561772353846,1.7641146750841807,5
34.03215789794922,3.3884709313453287,-19.923111985376963,1.7666908755194375,5
34.08220100402832,3.3957213767958643,-19.90198675985313,1.7692582321367123,5
34.13223910331726,3.402984389635177,-19.880592040172118,1.7718245839159037,5
34.18228006362915,3.4102377474771517,-19.859311069997734,1.774383120776005,5
34.23231220245361,3.417500954888809,-19.838105432334096,1.7769411678777538,5
34.28231716156006,3.4247106460370267,-19.821961187429807,1.7794736659727444,5
34.332329988479614,3.4319072312905528,-20.276326329966523,1.7822222791182072,5
34.38233399391174,3.4388947945979793,-20.275466681251434,1.785050412367424,5
34.432356119155884,3.4460416583173408,-20.263409968546483,1.7877246080099003,5
34.48239994049072,3.4531769712512306,-20.251422928598906,1.7903723083127017,5
34.532432079315186,3.460332965170655,-20.238009229690967,1.793023553824803,5
34.5824761390686,3.4675037245689544,-20.2245260079806,1.7956741431903223,5
34.632519006729126,3.4746817545014643,-20.210639310296166,1.7983241494116278,5
34.682555198669434,3.481846004077014,-20.19653118490538,1.8009627968939323,5
34.73256015777588,3.48903800359592,-20.18057725667054,1.803608664806661,5
34.782562017440796,3.496196538518633,-20.167298191542876,1.8062371287366963,5
34.8325719833374,3.503369752780929,-20.15290060693705,1.8088660713100233,5
34.88261103630066,3.510593152341239,-20.135448275426995,1.811507944829411,5
34.93266201019287,3.5177939861891354,-20.118864566147494,1.814135267480831,5
34.982665061950684,3.525001707356964,-20.10208447468599,1.816759460731719,5
35.032716035842896,3.5321599707485847,-20.09011180780859,1.8193602677008005,5
35.082722187042236,3.5394085837489477,-20.069716174227054,1.8219850451310813,5
35.13272285461426,3.5466630283917193,-20.05018147481173,1.8246026566229254,5
35.18272614479065,3.5539325977915213,-20.029178801882093,1.827214091566134,5
35.23275899887085,3.5611750469692014,-20.011371886550606,1.8298089692486847,5
35.28280806541443,3.568468305027233,-19.990548301811142,1.832416226751713,5
35.33283805847168,3.5757569754319865,-19.96947775137381,1.8350154629037525,5
35.382840156555176,3.58304022591453,-19.9504862674853,1.8376079263803902,5
35.432865142822266,3.590329363502266,-19.93088357287918,1.8401976516234733,5
35.48288106918335,3.5971954072650365,-19.918322137938564,1.8428294553675726,5
35.532914876937866,3.6031254995423785,-19.93422859477298,1.8457699945599435,5
35.58295512199402,3.605822852762246,-20.076337726818185,1.84997013209454,5
35.632988929748535,3.6062642091833026,-20.270288834934227,1.8559617597204552,5
35.68299698829651,3.605005054217225,-20.552196119140593,1.8634026739926954,5
35.733007192611694,3.593931411108366,-22.815408686435525,1.8747819190720505,5
35.78305506706238,3.591483898120274,-24.191640151719408,1.8733888286549074,5
35.83305811882019,3.5936029148255617,-24.93931265291151,1.8731190220903464,5
35.88311815261841,3.5984415618572014,-25.266402540144885,1.8746094891972935,5
35.93314719200134,3.6056275773291624,-25.2989084954552,1.8777401760006456,5
35.98317503929138,3.613563646521913,-25.232753590883544,1.8812552692210363,5
36.03321695327759,3.621693254346732,-25.149886020791623,1.8848126820526252,5
36.083231925964355,3.630262404266616,-25.019834630532667,1.8886171285518494,5
36.13326597213745,3.639061594681838,-24.856306054218443,1.892464244757314,5
36.18330502510071,3.6479525319805424,-24.683505960993145,1.8962767674581475,5
36.23332095146179,3.65693032199389,-24.50294455907253,1.900048274142833,5
36.28335523605347,3.665931154238736,-24.320677676321605,1.903764033201999,5
36.333399057388306,3.6749985177587705,-24.132216102946465,1.9074322592527013,5
36.383399963378906,3.684168129067972,-23.932644229043625,1.9110591718185224,5
36.43342685699463,3.694575476753155,-23.57147052494864,1.9151966531228293,5
36.48343300819397,3.723367901656755,-20.582629935862467,1.926847403991317,5
36.53344702720642,3.7319085180773164,-20.449780192488912,1.9300861549001542,5
36.58348798751831,3.7403390865040738,-20.335881920378412,1.9332219704096085,5
36.63351011276245,3.7487557794291337,-20.225365427463654,1.9363132826844287,5
36.68354606628418,3.756847010666154,-20.149148808360184,1.9392794339805337,5
36.73359704017639,3.7641930659854737,-20.145631879927794,1.9420229718618036,5
36.78362703323364,3.771140279900191,-20.163868443134575,1.944509560718693,5
36.83365297317505,3.777724125108773,-20.18291216937138,1.9469015691113627,5
36.88370704650879,3.784042957277278,-20.222392927023535,1.9491415336233726,5
36.93372893333435,3.7903113046823993,-20.313556077409043,1.9510234727211508,5
36.98374390602112,3.79603849381928,-20.41554729077819,1.9529410831898562,5
37.033777952194214,3.8017142016419907,-20.513555216933696,1.9549433473933198,5
37.0837938785553,3.8070927605616878,-20.634694787940024,1.9566857257863477,5
37.13380408287048,3.812560287472534,-20.70805193310437,1.9585196874250854,5
37.183857917785645,3.8326051161695656,-20.149589593795643,1.9485038053223955,5
37.233882188797,3.8400786768409287,-20.17192788557883,1.9420990464796712,5
37.28392195701599,3.846261738433634,-20.200610427967234,1.9385178185435843,5
37.33396100997925,3.8526297783155847,-20.13532305585592,1.9374008928818578,5
37.38400626182556,3.8585996333131876,-20.20357042829174,1.9381629114169165,5
37.434037923812866,3.865151711054223,-20.235027939445455,1.9401833514887952,5
37.484081983566284,3.871993256413334,-20.226871751736073,1.9426320848646947,5
37.53410720825195,3.878872282723749,-20.215160460946667,1.9451385439873656,5
37.58414602279663,3.885800464391141,-20.199254642202753,1.9476717322578543,5
37.63417387008667,3.8927586361187267,-20.181447916376257,1.9502188093075234,5
37.68418884277344,3.899717691892645,-20.165072391808906,1.9527651178500605,5
37.734220027923584,3.906698044797534,-20.14784202190013,1.955311626055162,5
37.784252882003784,3.913709666313802,-20.12997573359385,1.9578663861537737,5
37.83425521850586,3.920734212634369,-20.112167665303357,1.9604189395668399,5
37.88426899909973,3.9278010626356687,-20.093071013613624,1.9629817452129976,5
37.93430495262146,3.9349178799705142,-20.071318521805956,1.9655605702541348,5
37.98432421684265,3.942035421514907,-20.052073327284685,1.9681340076704068,5
38.0343279838562,3.9491676865583805,-20.03236110472611,1.9707081742073038,5
38.08433413505554,3.9564123541100935,-20.006903731156317,1.9733164341175873,5
38.134345054626465,3.9636556159097167,-19.9814110310186,1.9759231149961836,5
38.18440818786621,3.970883635324708,-19.958780212265545,1.9785216858733685,5
38.23442888259888,3.978171265037283,-19.930872919834567,1.9811438533356946,5
38.284465074539185,3.985520471137115,-19.903580233723744,1.9837988576927728,5
38.334490060806274,3.992987730554804,-19.867123369816518,1.9865114353268478,5
38.38453412055969,3.9993264159760336,-19.832423182462644,1.9897884085885194,5
38.43457794189453,4.0044784001184865,-19.774985222390153,1.9940924182365232,5
38.484626054763794,4.007588467893466,-19.82257083760333,1.9996757641059684,5
38.534677028656006,4.009953259726013,-19.831127106035975,2.0069140628920574,5
38.58473610877991,4.014580264982073,-19.501706054013574,2.027208494243138,6
38.63477921485901,4.017504768864079,-19.588751466503105,2.0314947955930083,6
38.68481111526489,4.024008022929428,-19.651168317516024,2.0342966170922474,6
38.73481297492981,4.031444798531401,-19.653501051324305,2.0369363649309995,6
38.78481411933899,4.039094920249438,-19.638735506090878,2.0396632675630544,6
38.834843158721924,4.047313353955086,-19.567774692128246,2.0426654560790594,6
38.884851932525635,4.055558743085988,-19.489851247500596,2.045646030586087,6
38.93487787246704,4.06390204893906,-19.40304114071974,2.0486233478163904,6
38.98488903045654,4.072297233724569,-19.31142717217797,2.051591826993191,6
39.034892082214355,4.080759628214488,-19.212499382757198,2.0545335557056936,6
39.08492708206177,4.089297343683519,-19.107348048707205,2.057462183159477,6
39.13497304916382,4.097876457572685,-18.9969655173205,2.0603589719425637,6
39.18501806259155,4.106504205489583,-18.893891367107827,2.063225052656096,6
39.23503518104553,4.1353262086722085,-16.019033160342687,2.07443966356899,6
39.28506398200989,4.143745823326505,-15.936813362921457,2.0771814068029686,6
39.33510208129883,4.153092088649515,-15.746065562299464,2.0802266424137925,6
39.38511419296265,4.162464581609786,-15.554748737992766,2.083208997418127,6
39.4351601600647,4.1718508434399055,-15.366912782714936,2.0861265501877346,6
39.485175132751465,4.180351830107993,-15.26775440841037,2.088789154125203,6
39.53522205352783,4.188594535522166,-15.19861914629069,2.091336422108977,6
39.585241079330444,4.196746829008899,-15.133247107650151,2.0938272418079826,6
39.63525199890137,4.204831365185357,-15.070073914425494,2.096267708022583,6
39.685271978378296,4.212886579529392,-15.006091192443503,2.098669366570454,6
39.73528695106506,4.220922095114095,-14.941018722223548,2.1010370054249767,6
39.78530716896057,4.228909847392349,-14.878594198905672,2.1033587227670454,6
39.83533811569214,4.236889892661341,-14.811411894658336,2.105671978425499,6
39.88535189628601,4.242814897630489,-14.93837145278424,2.1076649722093923,6
39.93537092208862,4.245269788773997,-15.473810450707004,2.1095344314303115,6
39.985371112823486,4.245672002216561,-16.269888807242623,2.1113797055323107,6
40.03540086746216,4.2403812507391265,-19.032435667420387,2.0952406207993857,6
40.08542203903198,4.24381011681472,-19.472569620588494,2.088530090759775,6
40.135438203811646,4.2474978023789625,-19.816054330789672,2.084082291719131,6
40.18546795845032,4.251555193689081,-20.115622707791296,2.082027567458818,6
40.235483169555664,4.257987406187367,-20.16943190601342,2.0834489006162027,6
40.28553104400635,4.265263457178175,-20.1544810563362,2.0860355790987755,6
40.33558392524719,4.272483975635113,-20.141801208569614,2.088695002857883,6
40.38562607765198,4.279730901505639,-20.128061679146015,2.091365017973492,6
40.43567419052124,4.287015134960017,-20.110873871636592,2.0940444875893025,6
40.485677003860474,4.2942422690835995,-20.09813432453374,2.096698156441792,6
40.53570508956909,4.301519065436312,-20.082233662793538,2.099365705488114,6
40.58571004867554,4.308797597982664,-20.06569967304007,2.102028307637,6
40.63574194908142,4.316089694405896,-20.04865413465524,2.1046900268670288,6
40.68578624725342,4.323379274729747,-20.032182861352908,2.1073449430163977,6
40.73580312728882,4.3306718805812885,-20.015262664250947,2.10999455811239,6
40.78581619262695,4.337979191769119,-19.997602581198798,2.112642094347105,6
40.83586311340332,4.345299105173058,-19.97930388913157,2.115286275003079,6
40.88588213920593,4.352621227837687,-19.960996525123324,2.117919707626528,6
40.93593120574951,4.359903277329638,-19.946612382027755,2.120531772785195,6
40.98597598075867,4.367309504585743,-19.92267755602984,2.123179360755122,6
41.03600311279297,4.374575468576057,-19.909431417181782,2.125773045510238,6
41.086045026779175,4.3819325705003545,-19.891381238892667,2.1284584467293204,6
41.13605189323425,4.389204934329922,-19.882281083862434,2.131190496658131,6
41.18610620498657,4.396536714851054,-19.870952475364913,2.1339093060547643,6
41.23613119125366,4.4039141388360825,-19.85730493459646,2.1366121314724555,6
41.28614091873169,4.411358542498185,-19.839698910706904,2.13930840208176,6
41.33617305755615,4.418848167728891,-19.819903255658566,2.141993646938505,6
41.38618016242981,4.425464281730609,-19.826690480726853,2.1448897755944354,6
41.436217069625854,4.430789080015794,-20.696892761807923,2.1465242949064565,7
41.486225843429565,4.440263958410131,-20.184799286071208,2.1484009973010862,7
41.53623390197754,4.44588086992606,-20.141514702550534,2.150799497273655,7
41.586236000061035,4.451368372953664,-20.189327580796625,2.1534477661001312,7
41.63628602027893,4.457916179405743,-20.157629034039907,2.156124304585862,7
41.68630504608154,4.464906077893951,-20.145925850777147,2.1586682759481146,7
41.736310958862305,4.471834680213373,-20.132814126663074,2.161227359789314,7
41.78638005256653,4.4787366382858265,-20.12171162566466,2.163775504255128,7
41.83643102645874,4.485694271443456,-20.105527223162728,2.166340024272082,7
41.886433124542236,4.492629390391988,-20.0900432181299,2.1688917983626346,7
41.93646311759949,4.499568178695601,-20.074044407706896,2.1714391838411657,7
41.9864718914032,4.5064855155572054,-20.059477373617494,2.17397429589228,7
42.03649616241455,4.513424968071144,-20.042619807056344,2.1765113894952255,7
42.08650493621826,4.520338047914597,-20.027682353371212,2.179033674768618,7
42.13653206825256,4.527279424877194,-20.011797937846577,2.181560258281165,7
42.18653607368469,4.5342508773111305,-19.99225210061469,2.184090240797145,7
42.23655819892883,4.541203376044334,-19.974811013012555,2.1866053682203312,7
42.286571979522705,4.548212759824481,-19.953406701342157,2.189131929978183,7
42.336607933044434,4.55522518643394,-19.932706605569486,2.191647826533937,7
42.38664388656616,4.562234974115503,-19.913393358298915,2.1941570323861552,7
42.436646938323975,4.56927844972665,-19.891441651689945,2.19667251644791,7
42.486680030822754,4.576324064141585,-19.871153147158765,2.1991832000123637,7
42.53671598434448,4.583360303646098,-19.85232218022518,2.2016867835414473,7
42.58672785758972,4.590439509491226,-19.830835852422123,2.204198716826113,7
42.63675308227539,4.5975329196577,-19.80910807006537,2.206709799261582,7
42.68677616119385,4.604622348586482,-19.78864674766032,2.2092179187877714,7
42.736778020858765,4.611749903190311,-19.76529933096452,2.2117323502882185,7
42.786803007125854,4.618882966375569,-19.7426394147652,2.2142440049341356,7
42.836840867996216,4.626025682627025,-19.72005321863493,2.2167564481533266,7
42.88685584068298,4.633551826270398,-20.133328244257132,2.219237789052722,7
42.93685817718506,4.640280450273628,-20.15885775716242,2.222280025353793,7
42.9868700504303,4.647471834451311,-20.148557951253693,2.2249915229538724,7
43.0369131565094,4.654672745568377,-20.136994958507227,2.2276692913109573,7
43.08694100379944,4.661924244549496,-20.123158492782533,2.2303535450476426,7
43.13697099685669,4.669206162700725,-20.106620655425765,2.2330470744148236,7
43.187010049819946,4.676445745073248,-20.094293051528467,2.235719654804167,7
43.23703408241272,4.683695889426609,-20.081119403445115,2.2383922245378947,7
43.28707504272461,4.691002116451543,-20.06419549887839,2.2410802815361137,7
43.33711314201355,4.698295259040157,-20.04827190172367,2.2437589250460492,7
43.38711714744568,4.705550156704726,-20.03564140114028,2.2464194954088486,7
43.43715810775757,4.712775702075176,-20.02636966669314,2.24906411684393,7
43.48716902732849,4.72017273961317,-20.00233487583808,2.2517639153965296,7
43.537190198898315,4.727501128492438,-19.984449693156833,2.254433371273102,7
43.587209939956665,4.734783276055145,-19.97065359705107,2.2570805352347794,7
43.63721704483032,4.742126151306846,-19.95202207433339,2.259741872822585,7
43.687220096588135,4.7494279608140255,-19.936798853228442,2.2623810010771868,7
43.737223863601685,4.756778837864327,-19.91805448932175,2.2650267924242127,7
43.78725981712341,4.764194955870612,-19.894782240688365,2.2676849998648194,7
43.83730101585388,4.7715456006837185,-19.8764693357841,2.2703141530031643,7
43.88731908798218,4.778927278389711,-19.856576560746895,2.2729495777512136,7
43.93734908103943,4.786298026467711,-19.837406953611772,2.275575571392136,7
43.98735690116882,4.793637022436029,-19.82061303770061,2.27818352677979,7
44.03740310668945,4.8010248830484406,-19.800281003722272,2.28080602874254,7
44.087406158447266,4.808402346556413,-19.780741752703776,2.2834175857690013,7
44.137439012527466,4.815747564229672,-19.76374682883615,2.286013113458695,7
44.18744111061096,4.823163403073497,-19.740385811987643,2.288629013073337,7
44.23745894432068,4.830530986776022,-19.720781587149137,2.291223244433157,7
44.28748106956482,4.8417164183395185,-19.975716047170444,2.2912857220442695,8
44.337507009506226,4.844794704712741,-20.183456798689075,2.2965212541882756,8
44.387537240982056,4.851627038055556,-20.179821200249492,2.2992465616328865,8
44.43755388259888,4.858545817634824,-20.169016516662932,2.301834293681832,8
44.48759198188782,4.865456430232706,-20.158673316242655,2.30440167410473,8
44.53760504722595,4.872372736070362,-20.14695130920124,2.306964091352256,8
44.587651014328,4.8792954790777925,-20.13465252338465,2.309525497141762,8
44.637665033340454,4.886246593686541,-20.118774740880376,2.312092540913842,8
44.68766689300537,4.893164822699627,-20.105073266383684,2.3146432959658294,8
44.73771595954895,4.900111964753102,-20.08931302932478,2.317199665296971,8
44.787731885910034,4.907031103694674,-20.074576023658942,2.31974122715147,8
44.83778095245361,4.913961300403626,-20.05906633988185,2.322281019331151,8
44.88779807090759,4.920904058319655,-20.042393600927888,2.324820397007776,8
44.9378080368042,4.927827736684898,-20.026264764365596,2.3273468815357417,8
44.98784518241882,4.934781958835984,-20.00893189606419,2.329878506943978,8
45.0378942489624,4.941745075796047,-19.990697590596326,2.3324062613823116,8
45.087921142578125,4.948693662825251,-19.97351631260962,2.3349222549703392,8
45.137946128845215,4.955672580422589,-19.954159351669986,2.3374385068872425,8
45.187958002090454,4.962667202604635,-19.93477928697916,2.3399498328722292,8
45.23796820640564,4.9697001824758225,-19.912768344867747,2.3424674489327297,8
45.28798198699951,4.976740646178157,-19.89126347732502,2.3449823654945607,8
45.33799195289612,4.983767655311981,-19.871723762306075,2.3474877163017873,8
45.3880341053009,4.989908535643205,-19.909112581899006,2.3499010874837274,8
45.43806600570679,4.995134708371707,-20.014942611488003,2.352385446920082,8
45.48808717727661,4.997969007440823,-20.281969784577086,2.354826347229616,8
45.538095235824585,4.998066237215408,-20.709975441656393,2.358472641072624,8
45.58815407752991,4.998000214835798,-21.16108190233064,2.3626754208821055,8
45.63818407058716,4.996799862251612,-21.679193088153365,2.3675715861470206,8
45.68822193145752,4.995222514044592,-22.220014878312327,2.3731898961359,8
45.73825788497925,4.9889090990246725,-24.132320554102034,2.382549525711367,8
45.78830003738403,4.988050322166588,-24.869130560460825,2.3830686890613246,8
45.83833408355713,4.9912546538593965,-25.2823347299593,2.3839142162472027,8
45.88837909698486,4.996184143848995,-25.485622783015344,2.385849960232125,8
45.93841099739075,5.003278486204208,-25.459316928690505,2.3891566835508686,8
45.98845100402832,5.010593593571542,-25.4116245821854,2.392622977230331,8
46.03845500946045,5.017882940615114,-25.364690175802185,2.3960526947956544,8
46.08846306800842,5.025317523698201,-25.303162119769226,2.3995408424886557,8
46.13849496841431,5.032730926987212,-25.239709527424246,2.4030001635641094,8
46.18850517272949,5.0406451732109225,-25.114031354654283,2.406760320245454,8
46.238507986068726,5.048721893182487,-24.958161261533306,2.410509741550106,8
46.28852605819702,5.056873549065414,-24.795208571287674,2.414199178158129,8
46.33856010437012,5.065116829769781,-24.623823485351163,2.4178277557421333,8
46.38857913017273,5.07345082316293,-24.4433114437375,2.4213855717353168,8
46.43858790397644,5.081851760241493,-24.2568645004189,2.424849787692292,8
46.488595962524414,5.1107167474416535,-21.531961320676754,2.436098306441638,8
46.53863501548767,5.117261734875774,-21.584657251589128,2.43871333013425,8
46.58864688873291,5.125160059559795,-21.45897672136786,2.4414955453525224,8
46.63868308067322,5.132702172317716,-21.369611350361076,2.444137586638533,8
46.68869400024414,5.1394536131212165,-21.364286884809786,2.4465599009744854,8
46.738739013671875,5.146218644320508,-21.359044987309208,2.4489829712234816,8
46.78877592086792,5.152923957422367,-21.35768549806309,2.4513809037844956,8
46.838789224624634,5.159592974087492,-21.357589102954314,2.453761853386782,8
46.88879203796387,5.166264118316412,-21.356277543819772,2.4561368362372193,8
46.93881297111511,5.172851360285563,-21.361010609007444,2.4584851081789068,8
46.98885202407837,5.17893610517217,-21.396345144375893,2.460755895091821,8
47.03888702392578,5.181052978211604,-21.773404251488973,2.4629678583204395,8
47.08893322944641,5.179735306250792,-22.365344129984727,2.4658999702383664,8
47.13896608352661,5.179668139627194,-22.46844303665105,2.472707856230402,8
47.18898105621338,5.1914124314053645,-21.300315229465625,2.49980701298187,8
47.23902702331543,5.198986191156502,-21.245773880741506,2.5033136325709227,8
47.28904128074646,5.203755292936477,-21.031559529442294,2.5007470950798982,8
47.33905005455017,5.216534816973854,-20.983351205742974,2.4773534299472577,8
47.38906002044678,5.225675955944057,-20.80838404580314,2.4806603182008553,8
47.43906307220459,5.234958758337686,-20.624105910126534,2.4839346769824338,8
47.48910903930664,5.244305122435598,-20.435909674985204,2.4871702976549686,8
47.539138078689575,5.252438917152154,-20.36451449345763,2.490136276510974,8
47.58914613723755,5.260445514339003,-20.298601279697642,2.493107342175458,8
47.639147996902466,5.268477892789043,-20.231100328257014,2.4960610902120677,8
47.689148902893066,5.276538344491391,-20.1619519238261,2.4990023651088697,8
47.739177942276,5.28461170324747,-20.09294440322227,2.5019263635045155,8
47.78919291496277,5.292694964830914,-20.02332444234181,2.50483158689848,8
47.839216232299805,5.300787504246121,-19.953412520127383,2.5077161280873197,8
47.889254093170166,5.308887381937017,-19.883595986504524,2.510577638159241,8
47.93929696083069,5.3169985023943545,-19.812526857849154,2.513424190918366,8
47.98932504653931,5.324407783420452,-19.798803776330022,2.5161731190518055,8
48.039347887039185,5.331576981779084,-19.79877021079119,2.518906794409183,8
48.089357137680054,5.338644463310267,-19.799022922476627,2.5216233441727693,8
48.139376163482666,5.3455917621336395,-19.80198798772693,2.5242920887373477,8
48.18940210342407,5.352478686389203,-19.80378989226666,2.5269363666492026,8
48.23942708969116,5.359293636946211,-19.806930620610846,2.5295472878304284,8
48.289462089538574,5.366089435251167,-19.80718950395178,2.5321484005774,8
48.33947396278381,5.372855054625986,-19.806689877336364,2.534730068980874,8
48.389496088027954,5.379579668515645,-19.807969404347553,2.537284174940868,8
48.4395170211792,5.3860319128996474,-19.83109399670803,2.54063066849255,8
48.48954701423645,5.391265696920294,-19.73760858361331,2.5411414579498586,8
48.53955888748169,5.412547520131387,-17.101343083335607,2.52950405272747,8
48.589569091796875,5.42091427421064,-18.089641830236992,2.5203323165825426,8
48.639692068099976,5.420984937568588,-18.761340147483683,2.5151729230911797,8
48.689692974090576,5.420733324670695,-19.264692229481657,2.509870521622851,8
48.73974013328552,5.422860107851731,-19.608675983567085,2.509320943138591,8
48.789775133132935,5.428527886105226,-19.79610657123938,2.510134661720114,8
48.83980703353882,5.434935759727778,-19.887332436495093,2.5118065306869197,8
48.88981914520264,5.4421494529276995,-19.881029452866887,2.5144103561014406,8
48.93983697891235,5.4494544526051705,-19.86667489241778,2.5170983529408537,8
48.989845991134644,5.456774470514934,-19.851106379529835,2.5197919087040077,8
49.039880990982056,5.4641116999815305,-19.83525953120497,2.522487371488944,8
49.08992886543274,5.471441674499703,-19.820578400237935,2.5251755296362237,8
49.13994216918945,5.478788207256069,-19.804522080938373,2.527864499163763,8
49.18995809555054,5.486135790980293,-19.78879878069985,2.5305484665539035,8
49.239996910095215,5.493504593055726,-19.77183545438567,2.5332341054987366,8
49.29004383087158,5.500838628383506,-19.757093014560745,2.535901200739481,8
49.340089082717896,5.508242385781593,-19.739363203877517,2.5385868459141245,8
49.39009213447571,5.515607053081978,-19.722280553015914,2.541250459104147,8
49.440125942230225,5.523017583912926,-19.70407307422531,2.5439208162246287,8
49.49016714096069,5.530445531764771,-19.683658458030404,2.546585481595708,8
49.54018306732178,5.537828772454347,-19.66597016828781,2.5492285544915276,8
49.59021997451782,5.545248916469316,-19.646569841213125,2.551877944872823,8
49.640268087387085,5.552662406387954,-19.627391241132088,2.554520388960343,8
49.69030499458313,5.560087962706787,-19.60679115463997,2.557161404878579,8
49.74035620689392,5.567475752794935,-19.589254005172666,2.559783153917463,8
49.79037117958069,5.574884642143356,-19.569281941011443,2.5624075356032914,8
49.84040904045105,5.58227332246625,-19.55082245321973,2.565019355316375,8
49.89041709899902,5.5896597061819815,-19.531776276821883,2.567625639402326,8
49.940471172332764,5.597034978342227,-19.512870569590955,2.5702235245160443,8
49.990493059158325,5.604355178414357,-19.498742432441404,2.5727928564804428,8
50.0405170917511,5.616671935666793,-19.39987099418676,2.5737677343277574,8
50.090534925460815,5.624730183219169,-19.35325215082992,2.5766055866907784,8
50.14056921005249,5.632863674376714,-19.30367469211029,2.5793823587852787,8
50.19064807891846,5.64151748652059,-19.20395488555373,2.582420827035734,8
50.24070405960083,5.6503488190944084,-19.083256176582655,2.5855015326702486,8
50.290754079818726,5.659304618292776,-18.952654630984327,2.5885458991711237,8
50.34076499938965,5.668285212225238,-18.820199747546038,2.5915593039181104,8
50.39081907272339,5.677343848306538,-18.678756117461496,2.594548087571167,8
50.44084191322327,5.686483942020146,-18.531862022636624,2.597514187252164,8
50.49087595939636,5.69569183541596,-18.37732170063882,2.6004313701042427,8
50.54088306427002,5.704981885670803,-18.216305859808802,2.6033126467948953,8
50.590917110443115,5.749099568567116,-13.370960757328747,2.6189954903308297,8
50.640990018844604,5.757517419118608,-13.475795259547562,2.6213637923614765,8
50.69103407859802,5.76875306616226,-13.201779444445238,2.6243557313157364,8
50.74104118347168,5.780235706801236,-12.926161305516777,2.6273264500528115,8
50.79107999801636,5.790756163951581,-12.762733203351738,2.6300161210511823,8
50.84110689163208,5.801062653878562,-12.623554636911786,2.632579986819223,8
50.89115595817566,5.8113815709127445,-12.488676059153201,2.6351025599319504,8
50.941166162490845,5.821655345509681,-12.358137911101771,2.637566564899486,8
50.991178035736084,5.83190579270436,-12.229384236901764,2.6399780159799136,8
51.04122591018677,5.84223054216873,-12.097146705183393,2.642363795118838,8
51.09126400947571,5.852129095311375,-11.985713259671375,2.6445939037293527,8
51.14129304885864,5.861914804913259,-11.842983219889263,2.6470319352694682,8
51.191317081451416,5.87184861972487,-11.694807076229555,2.6494302134935825,8
51.2413592338562,5.882021025350794,-11.551288865350514,2.6517438298991993,8
51.29139304161072,5.891353735317492,-11.406072553081632,2.65493960036858,8
51.341413259506226,5.900200409822084,-11.148637590704924,2.6602674313202854,8
51.39147996902466,5.907606199750499,-11.019698232689041,2.668167544566168,8
51.441519021987915,5.899528515595982,-14.216353682637136,2.689382195304338,8
51.491568088531494,5.908069509856516,-14.76079787600477,2.696798277935975,8
51.54157114028931,5.925100757984757,-14.426336663678176,2.700279479032321,8
51.591601848602295,5.942954532302578,-14.021956587280712,2.7037848474990276,8
51.64163398742676,5.961306898533838,-13.59975570928705,2.7072605267586343,8
51.691730976104736,5.97970215665846,-13.174939103678302,2.7106265587626837,8
51.741732120513916,5.998089450508985,-12.746658155418777,2.7138903887131405,8
51.791749238967896,6.016936686749596,-12.290179622787255,2.7170415355765174,8
51.8417809009552,6.036314011555693,-11.81334869722076,2.7201568859367184,8
51.891798973083496,6.057392359482047,-11.189727599775427,2.723557307773119,8
51.94183802604675,6.110261120926993,-5.653410214214295,2.7372311041069235,8
51.99185514450073,6.131184316073542,-5.3416039546287255,2.739780383434029,8
52.041898012161255,6.152218404336497,-5.003659510780052,2.7423964397332714,8
52.09193706512451,6.175828665775572,-4.71007758133804,2.7457179536438687,8
52.14194989204407,6.171035522362746,-9.968915386822308,2.6992112458783137,9
52.19195604324341,6.188049640692762,-9.827580327934168,2.702023761407561,9
52.24197816848755,6.204054214108415,-9.666394246826906,2.7048910134215283,9
52.2919921875,6.220210966322503,-9.491217284629451,2.707768906262904,9
52.342008113861084,6.236468243412926,-9.31150359531969,2.7106201732611788,9
52.39206409454346,6.252782783433107,-9.127158800783718,2.713438502812657,9
52.44209623336792,6.269389216709262,-8.933491516784065,2.716248790361506,9
52.49214005470276,6.286155027061292,-8.734051368447263,2.719045945003701,9
52.542145013809204,6.302775835144409,-8.539873736348536,2.7217738052647693,9
52.59218883514404,6.319368507891822,-8.341988530158982,2.724458610249892,9
52.642236948013306,6.336492026480631,-8.129278113760016,2.7271728277576903,9
52.69227313995361,6.35346889172574,-7.9222313812544085,2.729814755427282,9
52.742276191711426,6.3703030661632924,-7.644966658979774,2.7328126879466987,9
52.79232907295227,6.387342328463356,-7.476927207308552,2.7352000396727965,9
52.842365980148315,6.402273334074599,-7.308798259064419,2.7394410155625195,9
52.892385959625244,6.400763479979172,-10.315270485224687,2.7503390565256445,9
52.942420959472656,6.426945046262043,-9.98985305280262,2.7539789782162316,9
52.99242901802063,6.45558881150425,-9.438717596463754,2.757084159111754,9
53.042454957962036,6.483577615902427,-8.897573146921506,2.759989774792398,9
53.09249997138977,6.573032540637141,-0.7403381971172245,2.7806639030026585,9
53.14250302314758,6.600822391178909,-0.4356999568944919,2.782198192653332,9
53.19251894950867,6.625089828699514,-0.41762946705091025,2.782385013060685,9
53.24252104759216,6.64860508601161,-0.3904689087813137,2.7825815932262477,9
53.29255700111389,6.671183455435445,-0.3737653992751817,2.782754180738372,9
53.342599868774414,6.69321488734061,-0.3525644837482432,2.7829438791898653,9
53.39260792732239,6.714969866462556,-0.3267015724850592,2.783132479320848,9
53.442639112472534,6.736095358267496,-0.30182516611099525,2.783321690092664,9
53.49268102645874,6.757071737637847,-0.2733635465879825,2.7835021177859174,9
53.5426812171936,6.777767414714583,-0.24472387232237533,2.7836731717512517,9
53.59269905090332,6.797897372902764,-0.21684824890532992,2.7838431231290586,9
53.64273405075073,6.818038897368043,-0.18317809150434405,2.783996170525915,9
53.69277501106262,6.8381965868798895,-0.1480500050978209,2.784136983439558,9
53.74278712272644,6.858315187969399,-0.10931937341951344,2.7842612842826875,9
53.7927930355072,6.8787386263785955,-0.06628601540277101,2.7843679031293496,9
53.84284424781799,6.89876548587438,-0.029157770205723712,2.784456483709001,9
53.8928701877594,6.919165228123483,0.012894005097528641,2.784529368081427,9
53.942912101745605,6.939484002204128,0.049904012403621266,2.7845827906872453,9
53.99295520782471,6.959814321192057,0.08838583725387912,2.7846215249687356,9
54.04301595687866,6.980212111096026,0.12548946080612466,2.7846454450126017,9
54.09304594993591,7.000703830727857,0.16185684981748852,2.7846500173046116,9
54.143057107925415,7.020995717987579,0.1945154403012078,2.7846340397422162,9
54.193084955215454,7.039360809928061,0.2626571356374144,2.78490827958527,9
54.24311089515686,7.057440679062541,0.469325163279507,2.786072281524456,9
54.29313111305237,7.07832236553795,0.1287758459898112,2.785284372822303,9
54.34316110610962,7.0943585576115495,0.006984197571467607,2.7875010608818935,9
54.393190145492554,7.111937312231957,0.006595499056154354,2.7876201950601804,9
54.44321298599243,7.1294468711907335,0.014899176992158536,2.787603133148302,9
54.49323797225952,7.14709331247883,0.027341555450711666,2.7875690196129455,9
54.54323887825012,7.164731453078039,0.03974190294200713,2.7875320286596272,9
54.593271017074585,7.182592794263669,0.055574996976910734,2.7874882566985697,9
54.6432991027832,7.20058529772347,0.07099567214466981,2.7874402466728636,9
54.693334102630615,7.2185558099226395,0.08498237429288481,2.78739046944508,9
54.74334406852722,7.236560405792715,0.10056050102866222,2.787332905131907,9
54.79338502883911,7.254831679645858,0.11899597501847813,2.7872679276038523,9
54.84341502189636,7.273311735564803,0.1384928544046984,2.7871997127738437,9
54.89344787597656,7.291877253466089,0.15504461859225036,2.7871313622832066,9
54.94345021247864,7.310709532741623,0.17723375370526323,2.78705862169443,9
54.99346113204956,7.329803244488242,0.19825568772552254,2.7869858731749444,9
55.04350209236145,7.348987229067019,0.2187971233418836,2.7869193635244227,9
55.093536138534546,7.368511368414533,0.24242380692773532,2.786855488924985,9
55.14357399940491,7.388480473225266,0.26940995521686584,2.7867961963811756,9
55.193581104278564,7.377683936940638,-0.005774499024284483,2.76561983688827,10
55.24360799789429,7.377732948731595,-0.0001524456584737139,2.7654925316158594,10
55.29364514350891,7.377734667355538,-3.7687163747208677e-06,2.765488835448971,10
55.343650102615356,7.377734711706359,-9.102872901606146e-08,2.765488724925902,10
55.39366412162781,7.3777347127847674,-2.2324809197945255e-09,2.765488721700794,10
55.44370889663696,7.377734712811233,-5.516610676972183e-11,2.7654887216052986,10
55.493757009506226,7.377734712811826,-1.3697987982491284e-12,2.7654887216024493,10
55.54381489753723,7.377734712811826,-4.2855073273428836e-14,2.7654887216023654,10
55.59386396408081,7.377734712811826,-2.1227303698775625e-15,2.7654887216023627,10
55.6438992023468,7.377734712811826,2.9906785991033572e-15,2.7654887216023627,10
55.6939160823822,7.377734712811826,1.5535317478542819e-15,2.7654887216023627,10
55.74392604827881,7.377734712811826,3.709969590897397e-16,2.7654887216023627,10
55.7939670085907,7.377734712811826,-2.161815836603668e-16,2.7654887216023627,10
55.844003200531006,7.377734712811826,-1.5670974075436373e-15,2.7654887216023627,10
55.89404797554016,7.377734712811826,1.6304846700835768e-15,2.7654887216023627,10
55.94408392906189,7.377734712811826,1.7221852269599864e-15,2.7654887216023627,10
55.994126081466675,7.377734712811826,1.5039320236895052e-15,2.7654887216023627,10
56.04416608810425,7.377734712811826,2.1260164644794922e-15,2.7654887216023627,10
56.09421706199646,7.377734712811826,1.1304987546727743e-15,2.7654887216023627,10
56.14426016807556,7.377734712811826,-9.77843834956786e-16,2.7654887216023627,10
56.194308042526245,7.377734712811826,2.090107026762918e-15,2.7654887216023627,10
56.244349002838135,7.377734712811826,1.7210801866166487e-15,2.7654887216023627,10
56.2943549156189,7.377734712811826,1.8313651579993924e-15,2.7654887216023627,10
56.344396114349365,7.377734712811826,1.9364080065638164e-15,2.7654887216023627,10
56.39440608024597,7.377734712811826,6.399285493068775e-16,2.7654887216023627,10
56.444451093673706,7.377734712811826,-6.114351592142863e-16,2.7654887216023627,10
56.494470834732056,7.377734712811826,-9.723788723764477e-16,2.7654887216023627,10
56.544519901275635,7.377734712811826,4.94231858297901e-16,2.7654887216023627,10
56.59455704689026,7.377734712811826,7.491288863327369e-17,2.7654887216023627,10
56.644577980041504,7.377734712811826,2.5425981078949005e-15,2.7654887216023627,10
56.69462513923645,7.377734712811826,1.6326004630739029e-15,2.7654887216023627,10
56.74464011192322,7.377734712811826,1.059252780981619e-15,2.7654887216023627,10
56.794687032699585,7.377734712811826,1.150250726203071e-15,2.7654887216023627,10
56.84471917152405,7.377734712811826,4.897048890626315e-16,2.7654887216023627,10
56.89475703239441,7.377734712811826,9.723560435302531e-16,2.7654887216023627,10
56.94477105140686,7.377734712811826,4.378890878123177e-16,2.7654887216023627,10
56.99479293823242,7.377734712811826,-4.250897565880473e-16,2.7654887216023627,10
57.044811964035034,7.377734712811826,-1.2762937547328623e-15,2.7654887216023627,10
57.09483599662781,7.377734712811826,2.11393213749523e-15,2.7654887216023627,10
57.14487290382385,7.377734712811826,2.15729335641076e-15,2.7654887216023627,10
57.19489097595215,7.377734712811826,3.84448935557853e-16,2.7654887216023627,10
57.244905948638916,7.377734712811826,-1.582946853148642e-15,2.7654887216023627,10
57.29493498802185,7.377734712811826,2.442764252987932e-15,2.7654887216023627,10
57.34495806694031,7.377734712811826,1.8968183742857013e-15,2.7654887216023627,10
57.3949830532074,7.377734712811826,1.3578484779371688e-15,2.7654887216023627,10
57.444987058639526,7.377734712811826,5.852138910744872e-16,2.7654887216023627,10
57.49500107765198,7.377734712811826,-3.640239780395742e-16,2.7654887216023627,10
57.545011043548584,7.377734712811826,-2.424511241009089e-16,2.7654887216023627,10
57.59502696990967,7.377734712811826,-7.504147007679952e-16,2.7654887216023627,10
57.64504408836365,7.377734712811826,2.2547826302848536e-15,2.7654887216023627,10
57.6950900554657,7.377734712811826,4.781122472086813e-16,2.7654887216023627,10
57.74511694908142,7.377734712811826,2.8271474859742727e-15,2.7654887216023627,10
57.795165061950684,7.377734712811826,9.45752204259669e-16,2.7654887216023627,10
57.84519004821777,7.377734712811826,-3.8167370438631263e-16,2.7654887216023627,10
57.895220041275024,7.377734712811826,-1.2782310716533878e-15,2.7654887216023627,10
57.94523000717163,7.377734712811826,1.6587446118847204e-15,2.7654887216023627,10
57.995238065719604,7.377734712811826,4.906153562385063e-16,2.7654887216023627,10
58.04524898529053,7.377734712811826,-1.326915027294289e-15,2.7654887216023627,10
58.095269203186035,7.377734712811826,2.850208587320762e-15,2.7654887216023627,10
58.14527201652527,7.377734712811826,2.9718407893064643e-15,2.7654887216023627,10
58.19529104232788,7.377734712811826,-1.579891533884219e-16,2.7654887216023627,10
58.24533414840698,7.377734712811826,1.6056400617198714e-15,2.7654887216023627,10
58.29533910751343,7.377734712811826,3.069004384056864e-16,2.7654887216023627,10
58.345340967178345,7.377734712811826,-1.0902418815890382e-15,2.7654887216023627,10
58.39535689353943,7.377734712811826,2.722355386358931e-15,2.7654887216023627,10
58.44538116455078,7.377734712811826,2.733711325696713e-15,2.7654887216023627,10
58.4953830242157,7.377734712811826,3.3724988040776063e-15,2.7654887216023627,10
58.54541897773743,7.377734712811826,2.914059048821839e-15,2.7654887216023627,10
58.595454931259155,7.377734712811826,1.813921353702153e-15,2.7654887216023627,10
58.64547824859619,7.377734712811826,1.1990454210669208e-16,2.7654887216023627,10
58.69548201560974,7.377734712811826,-1.0183397323241013e-15,2.7654887216023627,10
58.74552392959595,7.377734712811826,-9.922490039436566e-16,2.7654887216023627,10
58.79553008079529,7.377734712811826,1.3034167380157864e-15,2.7654887216023627,10
58.845556020736694,7.377734712811826,-2.734496998440887e-16,2.7654887216023627,10
58.89555621147156,7.377734712811826,1.0904228887481643e-15,2.7654887216023627,10
58.9455680847168,7.377734712811826,2.8887330080528346e-16,2.7654887216023627,10
58.99561023712158,7.377734712811826,-7.216103239186522e-16,2.7654887216023627,10
59.045632123947144,7.377734712811826,7.853303232210278e-17,2.7654887216023627,10
59.09563589096069,7.377734712811826,-1.2157554196726842e-15,2.7654887216023627,10
59.14567017555237,7.377734712811826,2.836086948002536e-15,2.7654887216023627,10
59.19569516181946,7.377734712811826,2.608625787477244e-15,2.7654887216023627,10
59.24569797515869,7.377734712811826,2.7733552392932988e-15,2.7654887216023627,10
59.2957181930542,7.377734712811826,3.4036535723284903e-15,2.7654887216023627,10
59.345765113830566,7.377734712811826,3.1992872111656525e-15,2.7654887216023627,10
59.3957781791687,7.377734712811826,-6.165572928724123e-16,2.7654887216023627,10
59.44581413269043,7.377734712811826,-1.8246975119702908e-16,2.7654887216023627,10
59.49581503868103,7.377734712811826,-6.736965622011263e-16,2.7654887216023627,10
59.545839071273804,7.377734712811826,2.527462271614185e-15,2.7654887216023627,10
59.595864057540894,7.377734712811826,1.3474998567799287e-15,2.7654887216023627,10
59.64586591720581,7.377734712811826,-3.381698467286628e-16,2.7654887216023627,10
59.69587993621826,7.377734712811826,1.7604558179163976e-15,2.7654887216023627,10
59.74590992927551,7.377734712811826,1.836059772621722e-15,2.7654887216023627,10
59.79593110084534,7.377734712811826,1.4594513155096685e-15,2.7654887216023627,10
59.84593987464905,7.377734712811826,1.6218622474849703e-15,2.7654887216023627,10
59.89597201347351,7.377734712811826,2.6050004810783072e-15,2.7654887216023627,10
59.94601106643677,7.377734712811826,-1.276572892583381e-15,2.7654887216023627,10
59.99602007865906,7.377734712811826,-4.021760364682153e-16,2.7654887216023627,10
60.04605007171631,7.377734712811826,-7.447862827892577e-16,2.7654887216023627,10
60.09607410430908,7.377734712811826,4.736823283256269e-16,2.7654887216023627,10
60.14607787132263,7.377734712811826,1.8706229898776748e-15,2.7654887216023627,10
60.196085929870605,7.377734712811826,1.5600683224752413e-16,2.7654887216023627,10
60.246116161346436,7.377734712811826,2.5743538502577577e-15,2.7654887216023627,10
60.29616093635559,7.377734712811826,8.297177679430301e-16,2.7654887216023627,10
60.346168994903564,7.377734712811826,-7.073139955130191e-16,2.7654887216023627,10
60.39619517326355,7.377734712811826,-1.4359911781225906e-15,2.7654887216023627,10
60.44623422622681,7.377734712811826,2.069820180968355e-15,2.7654887216023627,10
60.4962739944458,7.377734712811826,1.9523086460163473e-15,2.7654887216023627,10
60.546278953552246,7.377734712811826,1.0246730723336495e-15,2.7654887216023627,10
60.59628915786743,7.377734712811826,7.823308731469367e-16,2.7654887216023627,10
60.64629507064819,7.377734712811826,1.466946800512361e-16,2.7654887216023627,10
60.69630408287048,7.377734712811826,-7.808606936461779e-16,2.7654887216023627,10
60.74634504318237,7.377734712811826,-1.509902904867649e-15,2.7654887216023627,10
60.79636907577515,7.377734712811826,1.3808645044642975e-15,2.7654887216023627,10
60.84640097618103,7.377734712811826,2.3606606513203365e-16,2.7654887216023627,10
60.89640188217163,7.377734712811826,-5.516940366099609e-16,2.7654887216023627,10
60.946441888809204,7.377734712811826,-6.887510109566245e-16,2.7654887216023627,10
60.99648690223694,7.377734712811826,-6.350627236492709e-16,2.7654887216023627,10
61.04651403427124,7.377734712811826,-1.3332667099286904e-15,2.7654887216023627,10
61.09656023979187,7.377734712811826,2.219375027604935e-15,2.7654887216023627,10
61.146597146987915,7.377734712811826,1.104473344302046e-15,2.7654887216023627,10
61.19663405418396,7.377734712811826,3.6951389544503485e-16,2.7654887216023627,10
61.24668502807617,7.377734712811826,-6.673864343995152e-16,2.7654887216023627,10
61.29672122001648,7.377734712811826,2.130561991556271e-15,2.7654887216023627,10
61.34673619270325,7.377734712811826,2.3728408929946753e-15,2.7654887216023627,10
61.396748065948486,7.377734712811826,2.6299719388715468e-15,2.7654887216023627,10
61.44676613807678,7.377734712811826,1.877366947989866e-15,2.7654887216023627,10
61.49680805206299,7.377734712811826,1.963897481901476e-15,2.7654887216023627,10
61.54683494567871,7.377734712811826,1.5984039597380885e-15,2.7654887216023627,10
61.59684610366821,7.377734712811826,6.809089678138766e-16,2.7654887216023627,10
61.64686322212219,7.377734712811826,2.861121374250544e-15,2.7654887216023627,10
61.696869134902954,7.377734712811826,1.7873920356053246e-15,2.7654887216023627,10
61.74690818786621,7.377734712811826,7.772589807391525e-16,2.7654887216023627,10
61.79695415496826,7.377734712811826,-2.783925515759906e-16,2.7654887216023627,10
61.84696912765503,7.377734712811826,5.488655373129671e-16,2.7654887216023627,10
61.896995067596436,7.377734712811826,-4.073971275191654e-16,2.7654887216023627,10
61.947023153305054,7.377734712811826,-6.894175819099738e-16,2.7654887216023627,10
61.997037172317505,7.377734712811826,-1.558791178571555e-15,2.7654887216023627,10
62.04706811904907,7.377734712811826,6.059476406644121e-16,2.7654887216023627,10
62.09707593917847,7.377734712811826,9.70908881114244e-17,2.7654887216023627,10
62.147096157073975,7.377734712811826,1.2544755192633726e-15,2.7654887216023627,10
62.197118043899536,7.377734712811826,2.2117654064491352e-15,2.7654887216023627,10
62.24714016914368,7.377734712811826,6.194083973428864e-16,2.7654887216023627,10
62.297163009643555,7.377734712811826,2.6891579010569372e-15,2.7654887216023627,10
62.34720301628113,7.377734712811826,1.1720883394384848e-15,2.7654887216023627,10
62.397242069244385,7.377734712811826,-1.0201451933932046e-15,2.7654887216023627,10
62.44726800918579,7.377734712811826,2.814619869678668e-15,2.7654887216023627,10
62.49729800224304,7.377734712811826,8.444525727322864e-16,2.7654887216023627,10
62.5473370552063,7.377734712811826,-5.786843952671584e-16,2.7654887216023627,10
62.5973801612854,7.377734712811826,2.447621480248679e-15,2.7654887216023627,10
62.64741396903992,7.377734712811826,1.6742411563977461e-15,2.7654887216023627,10
62.69746518135071,7.377734712811826,2.367882479265066e-16,2.7654887216023627,10
62.74746608734131,7.377734712811826,-1.3364166804620297e-15,2.7654887216023627,10
62.797508001327515,7.377734712811826,1.3526585666776735e-15,2.7654887216023627,10
62.847553968429565,7.377734712811826,-2.774900095140514e-16,2.7654887216023627,10
62.89758586883545,7.377734712811826,1.0434107967269703e-17,2.7654887216023627,10
62.947628021240234,7.377734712811826,1.0801437378930665e-15,2.7654887216023627,10
62.99763107299805,7.377734712811826,9.70886373416836e-16,2.7654887216023627,10
63.047667026519775,7.377734712811826,3.9565121402913504e-16,2.7654887216023627,10
63.09768605232239,7.377734712811826,7.456388249956267e-16,2.7654887216023627,10
63.147701025009155,7.377734712811826,-5.888088451544853e-16,2.7654887216023627,10
63.19773483276367,7.377734712811826,-1.3323271314963976e-15,2.7654887216023627,10
63.24774718284607,7.377734712811826,-1.588437265246296e-15,2.7654887216023627,10
63.2977831363678,7.377734712811826,-1.952068236087214e-15,2.7654887216023627,10
63.34778714179993,7.377734712811826,-1.85940409346017e-16,2.7654887216023627,10
63.39780926704407,7.377734712811826,-8.420508872878617e-16,2.7654887216023627,10
63.44785714149475,7.377734712811826,6.649962465215422e-16,2.7654887216023627,10
63.497864961624146,7.377734712811826,-3.990326692579572e-16,2.7654887216023627,10
63.54789614677429,7.377734712811826,-1.5453051913843295e-15,2.7654887216023627,10
63.597915172576904,7.377734712811826,2.3895697588150437e-15,2.7654887216023627,10
63.64791703224182,7.377734712811826,1.5865960087675538e-15,2.7654887216023627,10
63.69795203208923,7.377734712811826,1.2020117937839347e-15,2.7654887216023627,10
63.747955083847046,7.377734712811826,-1.36024784184596e-15,2.7654887216023627,10
63.797999143600464,7.377734712811826,2.924191689616452e-15,2.7654887216023627,10
63.84801411628723,7.377734712811826,1.7131362139226915e-15,2.7654887216023627,10
63.89802289009094,7.377734712811826,3.0000499372289275e-16,2.7654887216023627,10
63.948034048080444,7.377734712811826,-1.04521831144911e-15,2.7654887216023627,10
63.99804997444153,7.377734712811826,2.5825941996631793e-15,2.7654887216023627,10
64.04807806015015,7.377734712811826,1.9197674658241617e-15,2.7654887216023627,10
64.09808301925659,7.377734712811826,-1.6766909565686304e-16,2.7654887216023627,10
64.14810395240784,7.377734712811826,4.021114761033111e-16,2.7654887216023627,10
64.19815015792847,7.377734712811826,-3.5038691289296645e-16,2.7654887216023627,10
64.24819898605347,7.377734712811826,2.4418462897400975e-15,2.7654887216023627,10
64.2982120513916,7.377734712811826,8.503106574755972e-16,2.7654887216023627,10
64.34822106361389,7.377734712811826,5.399300118278342e-16,2.7654887216023627,10
64.39825296401978,7.377734712811826,-1.099552628117277e-16,2.7654887216023627,10
64.44829416275024,7.377734712811826,-6.687220429161874e-16,2.7654887216023627,10
64.4983422756195,7.377734712811826,4.721351255340867e-16,2.7654887216023627,10
64.54835891723633,7.377734712811826,5.441578273984498e-17,2.7654887216023627,10
64.59840202331543,7.377734712811826,-6.53262977332761e-17,2.7654887216023627,10
64.64843106269836,7.377734712811826,1.4175560547220893e-15,2.7654887216023627,10
64.69847702980042,7.377734712811826,9.490578162254726e-16,2.7654887216023627,10
64.74852919578552,7.377734712811826,1.867978273667336e-15,2.7654887216023627,10
64.79853105545044,7.377734712811826,2.307792034165973e-16,2.7654887216023627,10
64.84855699539185,7.377734712811826,-8.631905918883861e-16,2.7654887216023627,10
64.89856314659119,7.377734712811826,2.8101213580397045e-15,2.7654887216023627,10
64.94863319396973,7.377734712811826,2.235286956005777e-15,2.7654887216023627,10
64.99866604804993,7.377734712811826,1.1034938679197846e-15,2.7654887216023627,10
65.04868817329407,7.377734712811826,1.2656775349567387e-16,2.7654887216023627,10
65.09871625900269,7.377734712811826,1.0330122112526471e-16,2.7654887216023627,10
65.14873003959656,7.377734712811826,-1.099614488833422e-15,2.7654887216023627,10
65.19884324073792,7.377734712811826,-4.3508641694945604e-16,2.7654887216023627,10
65.24886083602905,7.377734712811826,2.763082878895316e-15,2.7654887216023627,10
65.2990140914917,7.377734712811826,-6.552458315035632e-16,2.7654887216023627,10
65.3490629196167,7.377734712811826,2.6473983424904208e-15,2.7654887216023627,10
65.3990650177002,7.377734712811826,8.802261859085984e-16,2.7654887216023627,10
65.44909119606018,7.377734712811826,-9.702706354447552e-16,2.7654887216023627,10
65.49913907051086,7.377734712811826,1.8779964711394958e-15,2.7654887216023627,10
65.54917502403259,7.377734712811826,1.8592549015073762e-15,2.7654887216023627,10
65.5992021560669,7.377734712811826,2.708012698042012e-16,2.7654887216023627,10
65.64925408363342,7.377734712811826,2.687490512244841e-15,2.7654887216023627,10
65.69926500320435,7.377734712811826,1.6405744674894184e-15,2.7654887216023627,10
65.7493040561676,7.377734712811826,2.2427357514590904e-16,2.7654887216023627,10
65.79933500289917,7.377734712811826,-1.0086205645667749e-15,2.7654887216023627,10
65.84936904907227,7.377734712811826,1.612701206954953e-15,2.7654887216023627,10
65.89938521385193,7.377734712811826,3.854662269394595e-16,2.7654887216023627,10
65.94943308830261,7.377734712811826,-5.145318788693367e-16,2.7654887216023627,10
65.99943399429321,7.377734712811826,2.0816226301600023e-15,2.7654887216023627,10
66.04943609237671,7.377734712811826,2.7693911358929125e-15,2.7654887216023627,10
66.09944820404053,7.377734712811826,2.1395662357688235e-15,2.7654887216023627,10
66.14947009086609,7.377734712811826,1.6614338782409074e-15,2.7654887216023627,10
66.19949007034302,7.377734712811826,1.3431009317641088e-15,2.7654887216023627,10
66.24949193000793,7.377734712811826,2.437906579589141e-15,2.7654887216023627,10
66.29950308799744,7.377734712811826,2.363842362988695e-15,2.7654887216023627,10
66.34954595565796,7.377734712811826,1.951499184812828e-15,2.7654887216023627,10
66.39954996109009,7.377734712811826,3.506218347588274e-16,2.7654887216023627,10
66.44955110549927,7.377734712811826,9.387178548664944e-16,2.7654887216023627,10
66.4995641708374,7.377734712811826,-4.0269194175703876e-16,2.7654887216023627,10
66.54962420463562,7.377734712811826,-1.4352245112107418e-15,2.7654887216023627,10
66.59963321685791,7.377734712811826,2.3952251900064246e-15,2.7654887216023627,10
66.64967393875122,7.377734712811826,2.5150557576836605e-15,2.7654887216023627,10
66.69969415664673,7.377734712811826,2.2431861831060045e-15,2.7654887216023627,10
66.74973487854004,7.377734712811826,1.4365860310359123e-15,2.7654887216023627,10
66.79978799819946,7.377734712811826,8.216167342786426e-16,2.7654887216023627,10
66.84982705116272,7.377734712811826,6.504020044440045e-16,2.7654887216023627,10
66.89988303184509,7.377734712811826,5.113100816672671e-16,2.7654887216023627,10
66.94988894462585,7.377734712811826,2.479514958356579e-15,2.7654887216023627,10
66.9999270439148,7.377734712811826,5.865643540715379e-16,2.7654887216023627,10
67.04993796348572,7.377734712811826,3.199442714723635e-15,2.7654887216023627,10
67.0999550819397,7.377734712811826,2.057610919109689e-15,2.7654887216023627,10
67.14999389648438,7.377734712811826,1.4843062741805793e-15,2.7654887216023627,10
67.20000195503235,7.377734712811826,4.668823773284986e-16,2.7654887216023627,10
67.25007629394531,7.377734712811826,2.652149289692757e-15,2.7654887216023627,10
67.30007696151733,7.377734712811826,1.8690456954937428e-15,2.7654887216023627,10
67.35011506080627,7.377734712811826,1.1371567392741743e-15,2.7654887216023627,10
67.40013909339905,7.377734712811826,1.5294410807319417e-15,2.7654887216023627,10
67.4501690864563,7.377734712811826,1.7139601757371825e-15,2.7654887216023627,10
67.50018906593323,7.377734712811826,1.6780016157205065e-15,2.7654887216023627,10
67.55023002624512,7.377734712811826,2.0015681033771915e-15,2.7654887216023627,10
67.6002550125122,7.377734712811826,1.3299526999539693e-16,2.7654887216023627,10
67.65030002593994,7.377734712811826,5.900614657206666e-16,2.7654887216023627,10
67.70035099983215,7.377734712811826,2.454024652360393e-15,2.7654887216023627,10
67.75037598609924,7.377734712811826,1.4366720638605578e-15,2.7654887216023627,10
67.80040907859802,7.377734712811826,1.2141962577917424e-16,2.7654887216023627,10
67.85044193267822,7.377734712811826,-5.018724720902622e-16,2.7654887216023627,10
67.90046215057373,7.377734712811826,1.9104244028600613e-15,2.7654887216023627,10
68.03339004516602,7.377734712811826,1.1684171213738682e-15,2.7654887216023627,10
